Symbol,Name,Last,Change,%Change,Open,High,Low,Volume,Time
NVDA,"Nvidia Corp",180.03,-8.29,-4.40%,184.77,184.8,179.7,205641297,2025-10-14
PLUG,"Plug Power Inc",4.05,0.15,+3.85%,3.71,4.18,3.58,198218203,2025-10-14
BBAI,"Bigbear.Ai Holdings Inc",8.91,0.1,+1.14%,8.87,9.39,8.41,176513500,2025-10-14
NVTS,"Navitas Semiconductor Corp",12.57,2.6,+26.08%,12.45,13.33,10.92,157929906,2025-10-14
RGTI,"Rigetti Computing Inc",56.12,1.21,+2.20%,54.85,58.15,50,148012797,2025-10-14
INTC,"Intel Corp",35.63,-1.59,-4.27%,36,36.54,34.69,117908305,2025-10-14
BYND,"Beyond Meat Inc",0.7808,-0.2542,-24.56%,0.9188,0.9256,0.77,113067203,2025-10-14
JOBY,"Joby Aviation Inc",18.11,1.34,+7.99%,16.27,18.44,15.79,107572400,2025-10-14
RXRX,"Recursion Pharmaceuticals Inc Cl A",5.89,0.36,+6.51%,5.32,6,5.07,104026797,2025-10-14
F,"Ford Motor Company",11.65,0.11,+0.95%,11.38,11.76,11.34,89117900,2025-10-14
SOUN,"Soundhound AI Inc Cl A",20.86,1.72,+8.99%,18.57,21.53,18.52,77114195,2025-10-14
ACHR,"Archer Aviation Inc",13.02,0.25,+1.96%,12.25,13.5,11.47,77028900,2025-10-14
WULF,"Terawulf Inc",15.46,1.46,+10.43%,13.85,16.19,13.31,77015195,2025-10-14
SOFI,"Sofi Technologies Inc",27.87,0.73,+2.69%,26.51,28.35,25.75,75502492,2025-10-14
BTBT,"Bit Digital Inc",4.13,0.13,+3.25%,3.83,4.39,3.72,73414500,2025-10-14
QBTS,"D-Wave Quantum Inc",43.06,2.44,+6.01%,40.52,45.3,38.1,73334900,2025-10-14
TSLA,"Tesla Inc",429.24,-6.66,-1.53%,426.79,434.2,417.86,72669398,2025-10-14
MARA,"Mara Holdings Inc",22.24,2,+9.88%,19.37,22.98,19,72225805,2025-10-14
AMD,"Adv Micro Devices",218.09,1.67,+0.77%,219.2,224.98,215.9,71216203,2025-10-14
CLF,"Cleveland-Cliffs Inc",13.96,0.13,+0.94%,13.39,14.215,13.13,64474100,2025-10-14
AAL,"American Airlines Gp",12.19,0.45,+3.83%,11.59,12.28,11.52,64417199,2025-10-14
RIG,"Transocean Inc",3.12,-0.08,-2.50%,3.15,3.19,3.1,62533900,2025-10-14
UUUU,"Energy Fuels Inc",26.23,2.46,+10.35%,26.08,26.88,21.9,60650500,2025-10-14
CIFR,"Cipher Mining Inc",20.89,0.55,+2.70%,19.89,21.48,18.88,60582297,2025-10-14
QUBT,"Quantum Computing Inc",21.78,0.32,+1.49%,21.21,23.34,20.13,54128301,2025-10-14
CLSK,"Cleanspark Inc",21.98,1.94,+9.68%,19.16,22.68,18.82,50946500,2025-10-14
PLTR,"Palantir Technologies Inc Cl A",179.74,2.53,+1.43%,176,182.34,170.82,49261398,2025-10-14
APLD,"Applied Digital Corp",35.04,0.8,+2.34%,34.07,38.1,32.8,48889297,2025-10-14
AMZN,"Amazon.com Inc",216.39,-3.68,-1.67%,215.55,219.32,212.6,45665500,2025-10-14
RF,"Regions Financial Corp",25.16,0.6,+2.44%,24.32,25.3,24.27,45545200,2025-10-14
T,"AT&T Inc",26.13,0.54,+2.11%,25.58,26.15,25.575,43644800,2025-10-14
BAC,"Bank of America Corp",50.09,1.23,+2.52%,48.85,50.495,48.525,42462500,2025-10-14
PFE,"Pfizer Inc",24.52,-0.21,-0.85%,24.65,24.79,24.48,42277000,2025-10-14
QS,"Quantumscape Corp",16.88,-0.11,-0.65%,16.66,17.145,15.8107,42128400,2025-10-14
MP,"MP Materials Corp",98.65,3.59,+3.78%,97.79,100.2505,88.6,40359300,2025-10-14
RKT,"Rocket Companies Inc Cl A",16.92,0.46,+2.79%,16.3,17.12,16.04,38651700,2025-10-14
BCRX,"Biocryst Pharma Inc",6.42,-0.62,-8.81%,6.62,6.98,6,36939699,2025-10-14
JBLU,"Jetblue Airways Corp",4.91,0.36,+7.91%,4.44,5.01,4.43,36648398,2025-10-14
NU,"Nu Holdings Ltd Cl A",14.91,-0.17,-1.13%,14.85,15.1899,14.64,36351200,2025-10-14
WFC,"Wells Fargo & Company",84.56,5.64,+7.15%,82.52,86.06,80.39,36260500,2025-10-14
AAPL,"Apple Inc",247.77,0.11,+0.04%,246.6,248.85,244.7,35477902,2025-10-14
ATXS,"Astria Therapeutics Inc",11.61,3.14,+37.07%,11.93,12.17,11.53,34669902,2025-10-14
HPE,"Hewlett Packard Enterprise Comp",25,0.2,+0.81%,24.38,25.3699,24.28,34533600,2025-10-14
IONQ,"Ionq Inc",77.55,-4.54,-5.53%,79.85,81.08,75.92,34459500,2025-10-14
PATH,"Uipath Inc Cl A",16.48,-0.66,-3.85%,16.78,16.91,16.05,34401800,2025-10-14
EOSE,"Eos Energy Enterprises Inc",16.98,-0.07,-0.41%,16.61,17.81,16.1,34127203,2025-10-14
C,"Citigroup Inc",99.84,3.74,+3.89%,95.37,101.22,95.038,33164500,2025-10-14
HOOD,"Robinhood Markets Inc Cl A",134.95,-5.73,-4.07%,136.72,141.21,133.05,31170900,2025-10-14
WMT,"Walmart Inc",107.21,5.09,+4.98%,104.05,107.92,102.8921,30859500,2025-10-14
FHN,"First Horizon Corp",23.02,0.57,+2.54%,22.3,23.26,22.15,28508300,2025-10-14
FNB,"F.N.B. Corp",16.12,0.5,+3.20%,15.52,16.23,15.5099,28120600,2025-10-14
RKLB,"Rocket Lab Corporation",68.03,2.61,+3.99%,65.34,69.67,62.19,27623500,2025-10-14
KEY,Keycorp,18.01,0.45,+2.56%,17.47,18.215,17.47,26657700,2025-10-14
HBAN,"Huntington Bancshares Inc",16.34,0.44,+2.77%,15.85,16.46,15.77,26377699,2025-10-14
RIOT,"Riot Platforms Inc",22.19,0.49,+2.26%,20.83,22.93,20.07,26294699,2025-10-14
OKLO,"Oklo Inc",174.14,3.13,+1.83%,168.05,183.2,160.18,26214800,2025-10-14
RIVN,"Rivian Automotive Inc Cl A",13.12,0.06,+0.46%,12.86,13.27,12.61,25298000,2025-10-14
SLDP,"Solid Power Inc Cl A",6.94,0.64,+10.16%,6.12,7.38,5.94,25056600,2025-10-14
PCG,"Pacific Gas & Electric Company",16.4,0.43,+2.69%,16,16.665,15.95,24583600,2025-10-14
QSI,"Quantum-Si Inc",2.15,0.07,+3.37%,2.01,2.26,1.96,23794502,2025-10-14
ACI,"Albertsons Companies Inc Cl A",19.26,2.31,+13.63%,18.45,19.5,17.7,23622300,2025-10-14
SMR,"Nuscale Power Corp",45.79,0.77,+1.71%,43.31,47.42,41.6207,23524700,2025-10-14
CMCSA,"Comcast Corp A",29.99,0.58,+1.97%,29.42,30.11,29.41,23398600,2025-10-14
OSCR,"Oscar Health Inc Cl A",20.69,0.29,+1.42%,19.75,21.93,19.63,23003200,2025-10-14
VZ,"Verizon Communications Inc",40.55,0.8,+2.01%,39.8,40.58,39.76,22346000,2025-10-14
AMCR,"Amcor Plc",8.1,0.12,+1.50%,7.91,8.16,7.89,22192800,2025-10-14
GOOGL,"Alphabet Cl A",245.45,1.3,+0.53%,241.23,247.12,240.51,22111500,2025-10-14
AVGO,"Broadcom Ltd",344.13,-12.57,-3.52%,350.13,350.67,339.65,22078000,2025-10-14
HPQ,"HP Inc",28.54,1.19,+4.35%,27.49,28.74,27.4,21556900,2025-10-14
HIMS,"Hims & Hers Health Inc",54.02,-0.71,-1.30%,53.23,55.14,51.73,21103900,2025-10-14
VLY,"Valley National Bancorp",10.79,0.24,+2.27%,10.47,10.9,10.4,20979900,2025-10-14
CMG,"Chipotle Mexican Grill",42.1,1.2,+2.93%,40.3,42.605,40.06,20564400,2025-10-14
WBD,"Discovery Inc Series A",17.98,0.2,+1.12%,17.33,18.17,17.33,19789199,2025-10-14
SMCI,"Super Micro Computer",53.11,-1.64,-3.00%,54.13,55.21,52.98,19789100,2025-10-14
AGNC,"Agnc Investment Corp",10.01,0.02,+0.20%,9.94,10.05,9.84,19506699,2025-10-14
DOC,"Healthpeak Properties Inc",18.14,0.18,+1.00%,17.8,18.18,17.51,19292000,2025-10-14
UEC,"Uranium Energy",15.66,0.34,+2.22%,15.2,16.15,14.05,19228700,2025-10-14
AMC,"AMC Entertainment Holdings",2.83,-0.04,-1.39%,2.85,2.9,2.82,18932600,2025-10-14
CNH,"CNH Industrial N.V.",10.26,0.2,+1.99%,9.97,10.325,9.87,18727600,2025-10-14
CCL,"Carnival Corp",28.96,0.87,+3.10%,27.64,29.27,27.47,18603400,2025-10-14
LUNR,"Intuitive Machines Inc",13.85,1.6,+13.06%,11.93,14.48,11.36,18096299,2025-10-14
KVUE,"Kenvue Inc",16.15,-0.07,-0.43%,16.2,16.405,15.99,17858700,2025-10-14
GOOG,"Alphabet Cl C",246.19,1.55,+0.63%,241.76,248.02,241.18,17705301,2025-10-14
ALAB,"Astera Labs Inc",161.55,-37.98,-19.03%,183.84,184,160.12,17592398,2025-10-14
ASTS,"Ast Spacemobile Inc",94.5,4,+4.42%,88.69,99.13,85.3,17398201,2025-10-14
ORCL,"Oracle Corp",299,-9.01,-2.93%,303.57,304.42,291.98,17346100,2025-10-14
KDP,"Keurig Dr Pepper Inc",26.69,0.27,+1.02%,26.3,26.74,26.09,17088299,2025-10-14
PINS,"Pinterest Inc",33.12,0.84999999999999,+2.63%,31.69,33.5876,31.59,17013600,2025-10-14
BMY,"Bristol-Myers Squibb Company",43.8,0.26,+0.60%,43.43,43.9,43.2745,16805600,2025-10-14
FCX,"Freeport-Mcmoran Inc",41.97,-0.81,-1.89%,41.56,42.43,40.5,16563300,2025-10-14
CAG,"Conagra Brands Inc",18.5,0.31,+1.70%,18.15,18.52,18.07,16330600,2025-10-14
JPM,"JP Morgan Chase & Company",302.08,-5.89,-1.91%,305.84,307,294.21,16178700,2025-10-14
AUR,"Aurora Innovation Inc Cl A",5.42,0.05,+0.93%,5.28,5.55,5.13,16145100,2025-10-14
MU,"Micron Technology",187.06,-5.71,-2.96%,186.96,192.46,186.25,15912399,2025-10-14
FAST,"Fastenal Company",42.75,0.42,+0.99%,41.92,43.49,41.46,15651900,2025-10-14
MRVL,"Marvell Technology Inc",86.22,-3.17,-3.55%,86.8,88.82,85.33,15447500,2025-10-14
CSCO,"Cisco Systems Inc",68.66,1.2,+1.78%,67.11,69.16,66.81,15401999,2025-10-14
INDI,"Indie Semiconductor Cl A",5.56,0.87,+18.55%,4.64,5.76,4.59,15305800,2025-10-14
FLNC,"Fluence Energy Inc Cl A",18.45,2.56,+16.11%,15.36,19.39,15.16,15089000,2025-10-14
PR,"Permian Resources Corp",12.35,-0.26,-2.06%,12.25,12.615,12.23,15070000,2025-10-14
MSFT,"Microsoft Corp",513.57,-0.48,-0.09%,510.23,515.28,506,14684300,2025-10-14
DBRG,"Digitalbridge Group Inc",13.48,1.83,+15.71%,11.77,14,11.51,14545800,2025-10-14
KO,"Coca-Cola Company",67.51,0.71000000000001,+1.06%,66.87,67.57,66.745,14245500,2025-10-14
BE,"Bloom Energy Corp Cl A",114.06,4.15,+3.78%,107.58,116.88,101.55,14160800,2025-10-14
DKNG,"Draftkings Inc",34.36,0.78,+2.32%,33.51,34.6,33.27,13940700,2025-10-14
LYFT,"Lyft Inc Cl A",20.13,0.14,+0.70%,19.56,20.59,19.48,13907700,2025-10-14
ANET,"Arista Networks Inc",138.79,-8.66,-5.87%,142.99,143.02,136.7901,13672400,2025-10-14
HL,"Hecla Mining Company",13.29,-0.19,-1.41%,13.15,13.645,13.09,13625000,2025-10-14
JNJ,"Johnson & Johnson",190.85,-0.05,-0.03%,192.92,194.4,185.88,13613300,2025-10-14
PL,"Planet Labs Pbc",14.78,-0.47,-3.08%,15,15.25,14.545,13581000,2025-10-14
FUBO,"Fubo TV",3.83,0.01,+0.26%,3.75,3.97,3.65,13551500,2025-10-14
SLB,"Slb Limited",32.57,0.3,+0.93%,31.75,32.755,31.69,13014100,2025-10-14
PYPL,"Paypal Holdings",69.15,0.29,+0.42%,67.41,69.71,66.77,12968399,2025-10-14
CDE,"Coeur Mining Inc",20.99,-0.19,-0.90%,20.7,21.56,20.64,12913100,2025-10-14
CORZ,"Core Scientific Inc",18.94,-0.27,-1.41%,19.08,19.28,18.08,12659600,2025-10-14
CVS,"CVS Corp",79.66,1.22,+1.56%,78.31,79.94,77.75,12540000,2025-10-14
CSX,"CSX Corp",36.13,0.56,+1.57%,35.31,36.17,35.18,12399200,2025-10-14
CTRA,"Coterra Energy Inc",23.21,0.039999999999999,+0.17%,22.81,23.3699,22.615,12149600,2025-10-14
TTI,"Tetra Technologies",7.04,0.84,+13.55%,6.05,7.24,6.01,12009800,2025-10-14
OWL,"Blue Owl Capital Inc",16.76,0.64,+3.97%,15.84,16.9999,15.8,11750200,2025-10-14
HUT,"Hut 8 Corp",49.94,0.83,+1.70%,46.45,52.4,43.41,11726699,2025-10-14
MSTR,"Strategy Inc",300.67,-14.8,-4.69%,301,312.71,297.34,11480399,2025-10-14
GT,"Goodyear Tire Rubber",6.71,-0.02,-0.30%,6.58,6.8,6.51,11404700,2025-10-14
HTZ,"Hertz Global Holdings Inc",5.52,0.03,+0.55%,5.39,5.71,5.16,11263000,2025-10-14
KHC,"Kraft Heinz Company",25.44,0.33,+1.31%,25.06,25.47,25.04,11240000,2025-10-14
UBER,"Uber Technologies Inc",94.25,0.17,+0.18%,93.78,95.18,92.46,11177900,2025-10-14
XOM,"Exxon Mobil Corp",112.29,0.050000000000011,+0.04%,110.75,112.962,110.71,11167100,2025-10-14
PTON,"Peloton Interactive Inc",7.71,0.34,+4.61%,7.26,7.79,7.22,11036500,2025-10-14
LUV,"Southwest Airlines Company",33.42,1.52,+4.76%,31.52,33.625,31.42,11028900,2025-10-14
TOST,"Toast Inc Cl A",37.79,1.95,+5.44%,35.28,38.24,34.96,10967300,2025-10-14
LUMN,"Lumen Technologies Inc",6.87,0.12,+1.78%,6.53,7.03,6.38,10958100,2025-10-14
DAL,"Delta Air Lines Inc",61.27,2.55,+4.34%,57.8,61.8,57.6836,10945000,2025-10-14
MVST,"Microvast Hldgs Inc",5.25,0.01,+0.19%,5.13,5.45,4.88,10893800,2025-10-14
CRDO,"Credo Technology Group Holding Ltd",129.75,-20.15,-13.44%,143.55,151.67,129.2,10759000,2025-10-14
ARIS,"Aris Water Solutions Inc Cl A",23.69,0.24,+1.02%,23.29,23.69,23.15,10651800,2025-10-14
NCLH,"Norwegian Cruise Ord",23.75,0.71,+3.08%,22.55,23.985,22.46,10541600,2025-10-14
LRCX,"Lam Research Corp",138.31,0.5,+0.36%,134.1,140.92,134.04,10509600,2025-10-14
CLOV,"Clover Health Investments Corp",2.79,0.16,+6.08%,2.61,2.82,2.55,10435801,2025-10-14
RDW,"Redwire Corp",9.54,0.48,+5.30%,8.85,9.81,8.62,10435600,2025-10-14
IOVA,"Iovance Biotherapeutics Inc",2.12,-0.02,-0.93%,2.09,2.19,2.09,10407101,2025-10-14
TFC,"Truist Financial Corp",43.93,0.98,+2.28%,42.64,44.24,42.6,10231000,2025-10-14
COMP,"Compass Inc Cl A",7.19,0.27,+3.90%,6.9,7.3,6.84,10049600,2025-10-14
UWMC,"Uwm Hldg Corp",5.44,0.14,+2.64%,5.3,5.5,5.235,10021300,2025-10-14
HAL,"Halliburton Company",22.44,-0.06,-0.27%,22.01,22.66,21.905,10007300,2025-10-14
KMI,"Kinder Morgan Inc",27.31,-0.03,-0.11%,27.09,27.38,27,9975100,2025-10-14
SHLS,"Shoals Technologies Group Cl A",10.13,0.88,+9.51%,9.12,10.64,8.79,9954600,2025-10-14
TXN,"Texas Instruments",173.94,-1.17,-0.67%,171.97,176.27,171.45,9919300,2025-10-14
NFE,"New Fortress Energy Llc",2.01,0.11,+5.79%,1.85,2.05,1.82,9885000,2025-10-14
QXO,"Qxo Inc",19.53,1.03,+5.57%,18.23,19.56,18.08,9716100,2025-10-14
RCKT,"Rocket Pharmaceuticals Inc",4.27,0.8,+23.05%,3.92,4.34,3.82,9688300,2025-10-14
DOW,"Dow Inc",21.92,0.5,+2.33%,21.01,22.09,20.89,9683300,2025-10-14
MRK,"Merck & Company",84.7,-1.,-1.17%,85.38,85.68,84.15,9675000,2025-10-14
ONB,"Old National Bncp",21.71,0.46,+2.16%,21.03,21.94,20.97,9601200,2025-10-14
IBRX,"Immunitybio Inc",2.51,0.03,+1.21%,2.43,2.58,2.38,9593700,2025-10-14
NKE,"Nike Inc",67.64,0.26000000000001,+0.39%,66.47,68,66.06,9483600,2025-10-14
COIN,"Coinbase Global Inc Cl A",341.55,-15.44,-4.33%,340.85,353.5,334.77,9446000,2025-10-14
GERN,"Geron Corp",1.24,-0.03,-2.36%,1.27,1.28,1.21,9331700,2025-10-14
HUMA,"Humacyte Inc",1.79,0.03,+1.70%,1.71,1.82,1.67,9330600,2025-10-14
M,"Macy's Inc",17.83,0.38,+2.18%,17.12,17.94,17.052,9267000,2025-10-14
BKR,"Baker Hughes Company",44.83,-0.66,-1.45%,44.92,45.36,43.92,9227801,2025-10-14
FITB,"Fifth Third Bancorp",43.41,1.21,+2.87%,42.23,43.71,42.01,9226600,2025-10-14
NLY,"Annaly Capital Management Inc",20.72,-0.08,-0.38%,20.71,20.8,20.59,9141800,2025-10-14
CRM,"Salesforce Inc",239.77,-8.98,-3.61%,248.11,248.28,239.55,9123800,2025-10-14
AVTR,"Avantor Inc",13.91,0.13,+0.94%,13.6,14.1199,13.47,9080100,2025-10-14
NEM,"Newmont Mining Corp",90.54,1.14,+1.28%,87.7,91.24,87.7,9064100,2025-10-14
MCHP,"Microchip Technology",64.6,0.21,+0.33%,62.22,66.61,62.22,9058300,2025-10-14
OXY,"Occidental Petroleum Corp",42.28,-0.14,-0.33%,41.94,42.5282,41.52,9011800,2025-10-14
GM,"General Motors Company",57.15,1.53,+2.75%,54.51,57.25,54.33,9005000,2025-10-14
ENVX,"Enovix Corp",12.87,-0.15,-1.15%,12.81,13.36,12.39,8964300,2025-10-14
SCHW,"The Charles Schwab Corp",93.39,-0.1,-0.11%,93.13,94.98,93.03,8934300,2025-10-14
NEE,"Nextera Energy",84.64,0.34,+0.40%,84.17,84.84,83.43,8912800,2025-10-14
USB,"U.S. Bancorp",47.09,0.93000000000001,+2.01%,45.99,47.3607,45.925,8844900,2025-10-14
META,"Meta Platforms Inc",708.65,-7.05,-0.99%,707.78,715.55,699.33,8829700,2025-10-14
BTU,"Peabody Energy Corp",34.88,1.46,+4.37%,32.75,35.99,32.145,8808000,2025-10-14
S,"Sentinelone Inc Cl A",17.03,-0.12,-0.70%,16.9,17.35,16.68,8781600,2025-10-14
UAA,"Under Armour",4.89,0.05,+1.03%,4.78,4.94,4.75,8718500,2025-10-14
QCOM,"Qualcomm Inc",161.74,-0.04,-0.02%,159.3,164.26,159.26,8675200,2025-10-14
GAP,"Gap Inc",20.63,0.02,+0.10%,20.36,20.7952,20.11,8653700,2025-10-14
PG,"Procter & Gamble Company",149.16,1.67,+1.13%,147.57,149.25,147.0802,8585300,2025-10-14
RBLX,"Roblox Corp Cl A",133.28,5.04,+3.93%,129.5,137.43,124.96,8548900,2025-10-14
DVN,"Devon Energy Corp",32.71,-0.5,-1.51%,32.42,33.115,32.2555,8404900,2025-10-14
AS,"Amer Sports Inc",30.92,-0.03,-0.10%,30,31.57,29.53,8400800,2025-10-14
PEP,"Pepsico Inc",151.54,2.65,+1.78%,148.69,151.62,148.5,8371101,2025-10-14
ATYR,"Atyr Pharma Inc",1.04,0.0742,+7.68%,0.9244,1.06,0.9,8286600,2025-10-14
AMAT,"Applied Materials",218.19,-1.29,-0.59%,213.9,221.65,213.71,8260000,2025-10-14
AEO,"American Eagle Outfitters",15.85,0.56,+3.66%,15.05,15.94,15.035,8174900,2025-10-14
ABT,"Abbott Laboratories",133.27,1.89,+1.44%,131.46,133.34,131.23,8147800,2025-10-14
TTD,"Trade Desk Inc",50.73,-0.55,-1.06%,50.3,51.26,49.45,8133800,2025-10-14
MS,"Morgan Stanley",155.34,0.21000000000001,+0.14%,154.5,157.1196,151.88,8023800,2025-10-14
PACB,"Pacific Biosciences",1.59,-0.03,-1.85%,1.57,1.61,1.51,8017600,2025-10-14
ON,"On Semiconductor",49.54,-0.57,-1.14%,48.74,51.19,48.68,7921500,2025-10-14
TDOC,"Teladoc Health Inc",8.93,0.68,+8.24%,8.03,9.03,7.97,7903500,2025-10-14
DIS,"Walt Disney Company",111.17,0.90000000000001,+0.82%,109.65,111.84,109.2,7897900,2025-10-14
HUN,"Huntsman Corp",8.19,0.02,+0.24%,7.81,8.28,7.745,7867000,2025-10-14
TROX,"Tronox Inc",4.05,0.42,+11.57%,3.68,4.08,3.512,7858900,2025-10-14
EU,"Encore Energy Corp",3.66,0,0.00%,3.57,3.81,3.31,7857300,2025-10-14
WDC,"Western Digital Corp",113.13,-5.73,-4.82%,116.11,117.28,112.52,7844100,2025-10-14
COLD,"Americold Realty Trust",13.4,0.09,+0.68%,13.17,13.6099,13,7789400,2025-10-14
NG,"Novagold Resources Inc",9.88,-0.13,-1.30%,9.83,10.135,9.54,7709900,2025-10-14
AI,"C3.Ai Inc Cl A",18.99,-0.38,-1.96%,18.88,19.35,18.39,7677900,2025-10-14
AES,"The Aes Corp",14.39,-0.05,-0.35%,14.3,14.53,14.255,7652900,2025-10-14
CRCL,"Circle Internet Group Inc Cl A",134.46,-3.01,-2.19%,133.25,138.62,129.33,7650300,2025-10-14
POWI,"Power Integratn",47.03,3.88,+8.99%,44.18,47.96,43.36,7570600,2025-10-14
GRND,"Grindr Inc",12.74,-0.5,-3.78%,13.6,13.65,11.8801,7537700,2025-10-14
SBUX,"Starbucks Corp",81.15,1.12,+1.40%,79.25,81.48,79.03,7510200,2025-10-14
ADT,"ADT Inc",8.55,0.040000000000001,+0.47%,8.45,8.57,8.45,7458600,2025-10-14
WEN,"Wendys Company",8.92,0.25,+2.88%,8.61,9.03,8.55,7439600,2025-10-14
VRT,"Vertiv Holdings Llc.",175.15,-3.85,-2.15%,171.69,181.84,168.2,7427500,2025-10-14
BTDR,"Bitdeer Technologies Group",20.12,-0.33,-1.61%,18.5,20.98,18,7373800,2025-10-14
IVZ,"Invesco Plc",23.45,0.16,+0.69%,22.93,23.745,22.75,7261700,2025-10-14
MPW,"Medical Properties Trust",5.22,0.08,+1.56%,5.11,5.25,5.11,7181100,2025-10-14
RUN,"Sunrun Inc",20.68,-0.49,-2.31%,20.44,21.11,20.13,7168000,2025-10-14
AGL,"Agilon Health Inc",0.9144,0.0233,+2.61%,0.89,0.9161,0.85,7118500,2025-10-14
IPG,"Interpublic Group of Companies",26.79,0.68,+2.60%,25.92,26.8,25.76,7114500,2025-10-14
DELL,"Dell Technologies Inc",148.77,-4.63,-3.02%,149.98,152.56,148.1,7096400,2025-10-14
SNDK,"Sandisk Corp",127.29,-7.32,-5.44%,123.59,130.48,120.96,7078600,2025-10-14
DLTR,"Dollar Tree Inc",95.58,2.99,+3.23%,92.62,96.18,92.24,7053300,2025-10-14
MRNA,"Moderna Inc",26.25,-0.49,-1.83%,26.32,26.69,26.01,7042000,2025-10-14
SG,"Sweetgreen Inc Cl A",7.69,0.18,+2.40%,7.34,7.915,7.23,7039800,2025-10-14
CNC,"Centene Corp",36.44,0.079999999999998,+0.22%,35.83,36.66,35.28,7002800,2025-10-14
TEM,"Tempus AI Cl A",89.87,-4.6,-4.87%,92.11,93.91,87.3,6984200,2025-10-14
CFG,"Citizens Financial Group Inc/Ri",51.8,1.55,+3.08%,50,51.99,50,6943300,2025-10-14
APA,"Apa Corp",22.91,0.09,+0.39%,22.18,23.44,22.11,6897900,2025-10-14
XP,"XP Inc Cl A",16.04,0.07,+0.44%,15.64,16.2,15.61,6823500,2025-10-14
U,"Unity Software Inc",36.58,-0.56,-1.51%,36.15,37.13,35.55,6814900,2025-10-14
NWL,"Newell Rubbermaid Inc",4.85,0.02,+0.41%,4.79,4.94,4.76,6766700,2025-10-14
BBWI,"Bath & Body Works Inc",26.1,0.31,+1.20%,25.37,26.655,25.2702,6751700,2025-10-14
INVH,"Invitation Homes Inc",28.51,0.26,+0.92%,28.27,28.64,28.27,6749400,2025-10-14
ENPH,"Enphase Energy Inc",36.44,1.62,+4.65%,34.59,37.02,34.17,6739900,2025-10-14
LCID,"Lucid Group Inc",21.92,0.53,+2.48%,21.1,22.35,20.66,6708200,2025-10-14
ZETA,"Zeta Global Holdings Corp Cl A",19.21,0.32,+1.69%,18.25,19.56,18.1,6693900,2025-10-14
PCT,"Purecycle Technologies Inc",14.78,1.61,+12.22%,12.9,15.03,12.77,6646800,2025-10-14
WU,"Western Union Company",8.28,0.14,+1.72%,8.07,8.34,8.06,6618500,2025-10-14
UAL,"United Airlines Holdings Inc",103.15,3.9,+3.93%,97.5,103.85,97.2,6591700,2025-10-14
KOS,"Kosmos Energy Ltd",1.6,-0.05,-3.03%,1.62,1.63,1.58,6587700,2025-10-14
MO,"Altria Group",65.4,0.45,+0.69%,65,65.87,64.83,6584700,2025-10-14
RITM,"Rithm Capital Corp",10.91,0.14,+1.30%,10.75,10.94,10.7,6569200,2025-10-14
CARR,"Carrier Global Corp",57.5,0.63,+1.11%,55.53,57.875,55.33,6553500,2025-10-14
LVS,"Las Vegas Sands",48.04,1.57,+3.38%,45.91,48.41,45.91,6517500,2025-10-14
PGY,"Pagaya Technologies Ltd Cl A",29.86,1.89,+6.76%,27.03,30.82,25.94,6497000,2025-10-14
VTRS,"Viatris Inc",9.93,0.07,+0.71%,9.75,9.97,9.73,6459700,2025-10-14
LAZR,"Luminar Technologies Inc",2.09,-0.01,-0.48%,2.03,2.22,1.96,6442900,2025-10-14
ABSI,"Absci Corp",3.9,0.24,+6.56%,3.56,4.01,3.45,6427500,2025-10-14
CVX,"Chevron Corp",152.39,0.44999999999999,+0.30%,149.81,153.46,149.66,6419300,2025-10-14
WY,"Weyerhaeuser Company",23.9,-0.03,-0.13%,23.76,24.14,23.54,6405800,2025-10-14
HST,"Host Marriott Financial Trust",16.38,0.12,+0.74%,16.02,16.46,15.95,6397200,2025-10-14
PTEN,"Patterson-Uti Energy",5.68,0.01,+0.18%,5.5,5.72,5.47,6353200,2025-10-14
TGT,"Target Corp",88.96,1.62,+1.85%,86.53,89.4,86.35,6352300,2025-10-14
GILD,"Gilead Sciences Inc",118.48,0.27,+0.23%,117.51,119.33,116.63,6311200,2025-10-14
UPS,"United Parcel Service",84.05,0.86999999999999,+1.05%,82.5,84.3,82,6306700,2025-10-14
MNST,"Monster Beverage Corp",68.61,1.46,+2.17%,67.15,68.9,67.01,6203700,2025-10-14
PM,"Philip Morris International Inc",159.07,-0.4,-0.25%,158.43,161.15,157.94,6199200,2025-10-14
EVGO,"Evgo Inc",4.54,-0.26,-5.42%,4.58,4.71,4.44,6183400,2025-10-14
ABNB,"Airbnb Inc Cl A",122.89,4.03,+3.39%,117.69,124.47,117.69,6171600,2025-10-14
CZR,"Caesars Entertainment Inc",22.14,0.11,+0.50%,21.63,22.75,21.48,6148600,2025-10-14
ADM,"Archer Daniels Midland",61.85,0.21,+0.34%,60.75,62.385,58.42,6127600,2025-10-14
BSX,"Boston Scientific Corp",96.24,1.29,+1.36%,94.71,96.41,94.53,6098200,2025-10-14
KKR,"KKR & Company LP",125.98,5.54,+4.60%,119.21,127.15,118.6701,6083000,2025-10-14
BAX,"Baxter International Inc",22.82,0.71,+3.21%,21.99,22.869,21.88,6023400,2025-10-14
ARRY,"Array Technologies Inc",9.07,0.28,+3.19%,8.65,9.23,8.18,6021900,2025-10-14
COP,Conocophillips,88.17,-0.61,-0.69%,86.9,88.89,86.754,6004300,2025-10-14
KR,"Kroger Company",69.13,2,+2.98%,67.94,69.505,67.2,5987800,2025-10-14
BA,"Boeing Company",214.3,-1.26,-0.58%,213.54,217.945,212.235,5975700,2025-10-14
UNH,"Unitedhealth Group Inc",359.93,1.27,+0.35%,354.95,362.33,353.4001,5974800,2025-10-14
NNE,"Nano Nuclear Energy Inc",54.38,-0.06,-0.11%,52.17,57.1,52.11,5963600,2025-10-14
APH,"Amphenol Corp",122.64,-1.27,-1.02%,121.73,124.435,120.0393,5912400,2025-10-14
AA,"Alcoa Corp",35.75,-0.5,-1.38%,35.44,36.415,35.13,5867000,2025-10-14
GIS,"General Mills",48.58,0.43,+0.89%,48.01,48.91,47.71,5846500,2025-10-14
MVIS,Microvision,1.37,-0.01,-0.72%,1.34,1.4,1.31,5793500,2025-10-14
VFC,"V.F. Corp",14.48,0.43,+3.06%,13.75,14.655,13.72,5784100,2025-10-14
V,"Visa Inc",348.38,5.08,+1.48%,341,350.01,340.22,5731300,2025-10-14
DXCM,"Dexcom Inc",66.21,1.01,+1.55%,63.84,67.29,63.19,5726700,2025-10-14
MOS,"Mosaic Company",29.95,-1.04,-3.36%,30.52,30.76,29.85,5723900,2025-10-14
PAGS,"Pagseguro Digital Ltd Cl A",8.75,-0.1,-1.13%,8.54,8.97,8.52,5634600,2025-10-14
MDLZ,"Mondelez Intl Inc",62.13,0.96,+1.57%,61.31,62.19,60.84,5631900,2025-10-14
PPTA,"Perpetua Resources Corp",27.19,-0.2,-0.73%,27.52,28.53,25.44,5631400,2025-10-14
BANC,"First Pactrust Bancorp",17.49,0.51,+3.00%,16.78,17.62,16.775,5626200,2025-10-14
SYF,"Synchrony Financial",72.84,2.7,+3.85%,69.29,73.64,69.15,5619800,2025-10-14
CPB,"The Campbell's Company",30.34,0.54,+1.81%,29.83,30.38,29.69,5615700,2025-10-14
UPST,"Upstart Holdings Inc",50.39,0.79,+1.59%,48.27,50.94,47.76,5609100,2025-10-14
KIM,"Kimco Realty Corp",21.39,0.34,+1.62%,20.97,21.47,20.97,5576000,2025-10-14
SYRE,"Spyre Therapeutics Inc",21,2.08,+11.02%,18.91,21.6,18.71,5559700,2025-10-14
CHWY,"Chewy Inc",38.31,-0.25,-0.65%,38.72,38.77,37.77,5539800,2025-10-14
ABBV,"Abbvie Inc",229.13,-1.17,-0.51%,228.07,230.65,227.51,5527500,2025-10-14
CL,"Colgate-Palmolive Company",78.4,1.42,+1.84%,77.13,78.475,76.91,5515100,2025-10-14
ORC,"Orchid Island Capital Inc",7.27,0.079999999999999,+1.11%,7.15,7.31,7.15,5503800,2025-10-14
NVAX,"Novavax Inc",8.89,0.27,+3.13%,8.66,9.04,8.53,5499200,2025-10-14
DX,"Dynex Capital",13.3,0.14,+1.06%,13.12,13.37,13.1,5473900,2025-10-14
CAT,"Caterpillar Inc",527.47,22.71,+4.50%,500.58,531.56,499.01,5459800,2025-10-14
EQT,"Eqt Corp",53.29,-0.37,-0.69%,52.74,53.83,51.66,5442500,2025-10-14
MGM,"MGM Resorts International",32.45,0.88,+2.79%,31.65,32.99,31.26,5433300,2025-10-14
NUVB,"Nuvation Bio Inc",3.55,-0.13,-3.53%,3.66,3.66,3.5,5430000,2025-10-14
DAR,"Darling International Inc",31.55,1.64,+5.48%,29.38,33,29.15,5411600,2025-10-14
VICI,"Vici Properties Inc",31.12,0.21,+0.68%,30.93,31.25,30.9,5395200,2025-10-14
COLB,"Columbia Banking Sys",26.74,1.03,+4.01%,25.5,26.87,25.48,5349000,2025-10-14
SO,"Southern Company",99.68,1.6,+1.63%,98.7,99.81,98.46,5343000,2025-10-14
CCCS,"CCC Intelligent Solutions Hldgs Inc",9.33,0.04,+0.43%,9.22,9.37,9.11,5331000,2025-10-14
CPRT,"Copart Inc",44.77,0.7,+1.59%,44.01,44.92,43.99,5312300,2025-10-14
O,"Realty Income Corp",58.84,0.11000000000001,+0.19%,58.73,59.09,58.5601,5303400,2025-10-14
APO,"Apollo Asset Management Inc",127.64,5.2,+4.25%,120.97,128.6725,120.5732,5283700,2025-10-14
BROS,"Dutch Bros Inc Cl A",52.92,0.61,+1.17%,51.31,53.18,50.23,5272700,2025-10-14
HPP,"Hudson Pacific Properties",2.61,0.08,+3.16%,2.49,2.649,2.475,5260800,2025-10-14
XYZ,"Block Inc",76.18,1.16,+1.55%,73.22,77.44,71.92,5239300,2025-10-14
ELAN,"Elanco Animal Health Inc",20.22,0.18,+0.90%,19.7,20.65,19.61,5200600,2025-10-14
EXC,"Exelon Corp",47.38,0.53,+1.13%,47.32,47.63,47.17,5195700,2025-10-14
GLW,"Corning Inc",84.61,-0.89,-1.04%,84.28,85.91,83.61,5195000,2025-10-14
ALLY,"Ally Financial",39.94,2.07,+5.47%,37.52,40.42,37.51,5186400,2025-10-14
ROIV,"Roivant Sciences Ltd",16.4,0.19,+1.17%,16.11,16.78,16,5174700,2025-10-14
CPNG,"Coupang Inc Cl A",31.76,-0.02,-0.06%,31.34,31.915,30.985,5171300,2025-10-14
ESPR,"Esperion Theraptc",2.7,-0.02,-0.74%,2.67,2.74,2.55,5131500,2025-10-14
CFLT,"Confluent Inc Cl A",22.79,-0.39,-1.68%,22.63,23.01,22.34,5087900,2025-10-14
LBRT,"Liberty Energy Inc",12.26,-0.04,-0.33%,11.94,12.4158,11.92,5044400,2025-10-14
NTLA,"Intellia Thera CS",23.9,0.14,+0.59%,23.1,24.83,21.89,4957500,2025-10-14
ALIT,"Alight Inc Cl A",3.08,-0.02,-0.65%,3.07,3.12,3.035,4950300,2025-10-14
NWSA,"News Corp Cl A",26.64,0.55,+2.11%,25.92,26.66,25.91,4928500,2025-10-14
FTNT,"Fortinet Inc",83.08,-1.12,-1.33%,82.5,83.9,82.2,4915100,2025-10-14
NEO,"Neogenomics Inc",9.38,0.04,+0.43%,9.25,9.57,9.19,4889000,2025-10-14
DOCN,"Digitalocean Holdings Inc",40.48,0.95,+2.40%,38.5,42.12,37.5,4885800,2025-10-14
IP,"International Paper Company",46.67,1.02,+2.23%,45.35,47.17,45.11,4880700,2025-10-14
CART,"Maplebear Inc [Instacart]",46.36,0.43,+0.94%,46.14,47.91,45.74,4873900,2025-10-14
MDT,"Medtronic Inc",96.54,0.96000000000001,+1.00%,95.26,96.6,95.26,4863000,2025-10-14
NEXT,"Nextdecade Corp",6.17,0.06,+0.98%,6,6.19,5.71,4811500,2025-10-14
BEN,"Franklin Resources",22.92,0.080000000000002,+0.35%,22.57,23.215,22.52,4804400,2025-10-14
TSHA,"Taysha Gene Therapies Inc",5.16,0.11,+2.08%,4.99,5.16,4.8,4798700,2025-10-14
HBI,"Hanesbrands Inc",6.93,0.09,+1.32%,6.73,6.95,6.7,4796300,2025-10-14
HRL,"Hormel Foods Corp",23.92,0.66,+2.84%,23.2,23.95,23.1311,4775100,2025-10-14
IBKR,"Interactive Brokers",69.36,-1.16,-1.64%,69.32,71.14,68.11,4746600,2025-10-14
FE,"Firstenergy Corp",47.53,0.56,+1.19%,47.09,47.66,47.02,4724000,2025-10-14
GS,"Goldman Sachs Group",770.76,-16.02,-2.04%,764.45,786.569,742.4601,4710800,2025-10-14
FLR,"Fluor Corp",48.23,1.01,+2.14%,45.96,49,45.81,4686000,2025-10-14
JHX,"James Hardie Industries Se ADR",22.41,0.97,+4.52%,21.11,22.44,21.11,4679700,2025-10-14
OUST,"Ouster Inc",36.16,5.09,+16.38%,29.89,36.77,28.87,4669000,2025-10-14
BX,"Blackstone Inc",163.98,5.82,+3.68%,156.17,165.09,156.17,4665400,2025-10-14
ARR,"Armour Residential R",15.68,0.02,+0.13%,15.59,15.81,15.55,4649800,2025-10-14
PRO,"Pros Holdings",22.93,-0.01,-0.04%,22.95,23.015,22.92,4631600,2025-10-14
CNP,"Centerpoint Energy Inc",39.49,0.3,+0.77%,39.3,39.66,39.14,4604700,2025-10-14
BORR,"Borr Drilling Ltd",2.64,-0.02,-0.75%,2.53,2.68,2.53,4565100,2025-10-14
DNUT,"Krispy Kreme Inc",3.49,0.13,+3.87%,3.29,3.56,3.25,4549400,2025-10-14
BF.B,"Brown Forman Inc Cl B",27.53,0.6,+2.23%,26.61,27.565,26.61,4548800,2025-10-14
WMB,"Williams Companies",62.36,-0.32,-0.51%,62.06,62.79,61.7699,4536400,2025-10-14
COTY,"Coty Inc",4.31,-0.02,-0.46%,4.23,4.38,4.23,4509700,2025-10-14
AVDX,"Avidxchange Holdings Inc",10,0,0.00%,10,10.01,9.99,4499900,2025-10-14
CWAN,"Clearwater Analytics Holdings Inc Cl A",17.9,0.07,+0.39%,17.74,18.07,17.6163,4480100,2025-10-14
FLG,"Flagstar Financial Inc",12.04,0.45,+3.88%,11.53,12.14,11.44,4471500,2025-10-14
GPK,"Graphic Packaging Holding Company",17.52,0.050000000000001,+0.29%,17.35,17.67,17.26,4471300,2025-10-14
GME,"Gamestop Corp",23.21,-0.38,-1.61%,23.12,23.67,22.88,4470900,2025-10-14
EBC,"Eastern Bankshares Inc",18.86,0.64,+3.51%,18.12,18.88,18.06,4466500,2025-10-14
FRSH,"Freshworks Inc Cl A",11.11,-0.14,-1.24%,11.07,11.18,10.98,4465100,2025-10-14
FTI,"Technipfmc Plc",35.99,-0.01,-0.03%,35.59,36.21,35.47,4445500,2025-10-14
TJX,"TJX Companies",144.1,2.71,+1.92%,141.41,144.363,141.16,4431800,2025-10-14
CRNC,"Cerence Inc",13.07,1.76,+15.56%,10.91,13.27,10.89,4402100,2025-10-14
HD,"Home Depot",387.72,8.35,+2.20%,378.87,388.89,378.01,4399800,2025-10-14
D,"Dominion Energy Inc",61.52,0.18,+0.29%,61.4,61.86,61.23,4398800,2025-10-14
PANW,"Palo Alto Networks Inc",207.56,-5.72,-2.68%,209.76,210.8,206.7,4381600,2025-10-14
PRME,"Prime Medicine Inc",5.99,0.34,+6.02%,5.48,6.11,5.25,4354500,2025-10-14
UA,"Under Armour Inc Cl C",4.75,0.09,+1.93%,4.58,4.81,4.58,4324400,2025-10-14
LEN,"Lennar Corp",122.23,4.21,+3.57%,118.41,122.46,117.3,4302700,2025-10-14
XRX,"Xerox Corp",3.24,-0.04,-1.22%,3.2,3.32,3.17,4301900,2025-10-14
FOLD,"Amicus Therapeutics",8.04,-0.14,-1.71%,8.07,8.15,7.97,4301900,2025-10-14
MNKD,"Mannkind Corp",5.1,0,0.00%,5.05,5.15,5.02,4296700,2025-10-14
BLND,"Blend Labs Inc Cl A",3.34,0.11,+3.41%,3.19,3.38,3.18,4286600,2025-10-14
ULCC,"Frontier Group Holdings Inc",4.39,0.28,+6.81%,4,4.46,3.99,4274900,2025-10-14
BBY,"Best Buy Company",77.21,-0.24,-0.31%,76.24,78.455,75.94,4214500,2025-10-14
PGEN,"Precigen Inc",3.2,-0.01,-0.31%,3.16,3.29,3.11,4200600,2025-10-14
EBAY,"Ebay Inc",91.06,1.7,+1.90%,88.75,91.64,88.02,4198200,2025-10-14
PII,"Polaris Inc",69.9,8.54,+13.92%,65.51,70.5,65.51,4195000,2025-10-14
CTVA,"Corteva Inc",62.67,0,0.00%,62.46,62.77,62.04,4189600,2025-10-14
AXTA,"Axalta Coating Systems Ltd",27.26,0.48,+1.79%,26.46,27.575,26.44,4186300,2025-10-14
AMT,"American Tower Corp",186.51,3.31,+1.81%,183.81,186.52,183.1316,4174900,2025-10-14
SOC,"Sable Offshore Corp",17.69,-0.92,-4.94%,18.07,18.625,17.627,4164700,2025-10-14
LYB,"Lyondellbasell Industries NV",46.66,0.38999999999999,+0.84%,45.2,46.93,45.07,4151300,2025-10-14
AAOI,"Applied Optoelect",28.48,-0.62,-2.13%,27.8,29.34,26.66,4114200,2025-10-14
IR,"Ingersoll Rand Inc",77.24,1.14,+1.50%,74.78,77.5899,74.42,4094600,2025-10-14
CTSH,"Cognizant Tech Sol",67.27,0.93,+1.40%,65.8,67.69,65.6,4092300,2025-10-14
BK,"Bank of New York Mellon Corp",107.11,0.81,+0.76%,105.78,108.2,105.505,4087000,2025-10-14
SNOW,"Snowflake Inc Cl A",240.83,-6.44,-2.60%,244.04,244.36,238,4084200,2025-10-14
HON,"Honeywell International Inc",208.61,5.7,+2.81%,201.42,208.73,201.35,4050100,2025-10-14
CODI,"Compass Diversified Holdings",8.6,0.12,+1.42%,8.23,8.88,8.07,4012000,2025-10-14
ORLY,"O'Reilly Automotive",103.05,0.17,+0.17%,103.14,104.06,102.31,4008600,2025-10-14
COF,"Capital One Financial Corp",214.2,6.59,+3.17%,206.12,216.73,206.12,3998100,2025-10-14
PPL,"PPL Corp",37.86,0.42,+1.12%,37.56,37.96,37.44,3969500,2025-10-14
OMC,"Omnicom Group Inc",78.55,2.04,+2.67%,75.76,78.61,75.7,3958400,2025-10-14
PZZA,"Papa John's Intl",48.68,3.06,+6.71%,45.81,49.76,45.44,3958200,2025-10-14
BGC,"Bgc Partners Cl A",9.17,0.1,+1.10%,8.96,9.19,8.93,3941800,2025-10-14
XEL,"XCEL Energy Inc",80.85,0.69,+0.86%,80.41,81.46,80.36,3928500,2025-10-14
FI,"Fiserv Inc",124.12,1.57,+1.28%,121.78,124.53,121.4,3923800,2025-10-14
NI,"NiSource Inc",42.93,0.2,+0.47%,42.67,43.225,42.62,3922900,2025-10-14
DJT,"Trump Media & Technology Group Corp",16.28,-0.28,-1.69%,16.25,16.5,16.05,3922200,2025-10-14
TEAM,"Atlassian Corp",156.37,6.98,+4.67%,147.6,157.44,147.33,3907700,2025-10-14
SABR,"Sabre Corp",1.8,0,0.00%,1.78,1.83,1.7701,3905800,2025-10-14
KTOS,"Kratos Defense & Security Inc",95.3,-0.98,-1.02%,93.72,97.1,90.79,3902300,2025-10-14
SW,"Smurfit Westrock Plc",42.23,0.7,+1.69%,41.16,42.81,41.125,3901800,2025-10-14
ADMA,"Adma Biologics",14.95,0.4,+2.75%,14.55,15.41,14.44,3896600,2025-10-14
TMUS,"T-Mobile US",229.42,4.36,+1.94%,230,230.65,226.98,3894100,2025-10-14
HR,"Healthcare Realty Trust Inc.",18.44,0.55,+3.07%,17.9,18.4475,17.86,3889700,2025-10-14
CNK,"Cinemark Holdings Inc",26.16,1.07,+4.26%,24.92,26.21,24.88,3885700,2025-10-14
EL,"Estee Lauder Companies",95,2.26,+2.44%,91.24,96.2,91.1,3874100,2025-10-14
RDDT,"Reddit Inc Cl A",196.35,-7.33,-3.60%,199.93,205.52,194.77,3826400,2025-10-14
OVV,"Ovintiv Inc",36.81,-1.18,-3.11%,36.7,37.51,36.65,3820100,2025-10-14
AR,"Antero Resources Corp",31.61,-0.81,-2.50%,31.25,31.77,30.94,3817000,2025-10-14
IOT,"Samsara Inc Cl A",38.04,0.48,+1.28%,36.76,38.165,36.06,3810600,2025-10-14
ACN,"Accenture Plc",244.2,0.63999999999999,+0.26%,242.06,246.07,239.55,3788500,2025-10-14
CLVT,"Clarivate Analytics Plc",3.6,-0.03,-0.83%,3.57,3.69,3.55,3780800,2025-10-14
TSCO,"Tractor Supply Company",55.48,0.57,+1.04%,54.64,55.72,54.45,3767400,2025-10-14
ARES,"Ares Management LP",149.58,5.95,+4.14%,142.47,151.75,141.51,3758300,2025-10-14
SRPT,"Sarepta Therapeutics",21.43,-0.53,-2.41%,21.58,21.82,20.92,3747000,2025-10-14
REPL,"Replimune Group Inc",4.35,-0.21,-4.61%,4.49,4.51,4.3,3741100,2025-10-14
NEOG,"Neogen Corp",5.91,-0.04,-0.67%,5.87,6.08,5.77,3729700,2025-10-14
RYN,"Rayonier Inc REIT",24.18,-1.72,-6.64%,25.43,25.97,24.09,3718000,2025-10-14
CC,"Chemours Company",13.76,0.32,+2.38%,13.21,13.915,12.95,3708000,2025-10-14
KMX,"Carmax Inc",44,0.31,+0.71%,43.44,44.44,43.04,3700400,2025-10-14
GNW,"Genworth Financial Inc",8.82,0.14,+1.61%,8.63,8.86,8.63,3700100,2025-10-14
EIX,"Edison International",56.07,2.42,+4.51%,53.69,56.215,53.59,3669800,2025-10-14
FIS,"Fidelity National Information Services",67.74,0.42999999999999,+0.64%,67.07,68.5,67.06,3666300,2025-10-14
BHVN,"Biohaven Ltd",16.66,1.36,+8.89%,15.05,17.03,14.83,3648700,2025-10-14
ALB,"Albemarle Corp",96.24,-0.1,-0.10%,92.65,97.67,91,3624800,2025-10-14
KSS,"Kohl's Corp",15.49,-0.04,-0.26%,15.02,15.73,15,3619900,2025-10-14
RTX,"Rtx Corp",159.4,0.55000000000001,+0.35%,158.2,160.58,157.29,3590500,2025-10-14
ACVA,"Acv Auctions Inc Cl A",8.81,0.32,+3.77%,8.34,8.9,8.33,3590200,2025-10-14
METC,"Ramaco Resources Inc",54.55,2.13,+4.06%,52,55.05,48.1,3583000,2025-10-14
CAVA,"Cava Group Inc",64.71,1.38,+2.18%,62,65.88,61.92,3578900,2025-10-14
APP,"Applovin Corp Cl A",590.03,-0.08,-0.01%,576.94,596.77,566.49,3572600,2025-10-14
MAT,"Mattel Inc",17.8,0.5,+2.89%,17,18.01,16.95,3564500,2025-10-14
AFRM,"Affirm Holdings Inc Cl A",72.92,-0.26,-0.36%,71.22,74.34,69.76,3554000,2025-10-14
EW,"Edwards Lifesciences Corp",73.36,0.41,+0.56%,72.77,73.523,72.47,3508500,2025-10-14
CG,"The Carlyle Group",59.6,1.2,+2.05%,57.16,60.33,57.02,3484200,2025-10-14
AIG,"American International Group",82.91,1.09,+1.33%,81.63,83.12,81.37,3483400,2025-10-14
WELL,"Welltower Inc",169.34,2.49,+1.49%,166.88,169.48,166.88,3481500,2025-10-14
MIR,"Mirion Technologies Inc",24.85,0.42,+1.72%,23.79,24.97,23.74,3475800,2025-10-14
OGN,"Organon & Co.",9.56,-0.04,-0.42%,9.54,9.66,9.405,3472900,2025-10-14
ONON,"On Holding Ag Cl A",42.18,-0.79,-1.84%,42.33,42.9,41.66,3447500,2025-10-14
CELH,"Celsius Holdings Inc",61.86,0.72,+1.18%,60.63,63.21,59.56,3446800,2025-10-14
LXP,"Lxp Industrial Trust",9.03,0.059999999999999,+0.67%,8.91,9.06,8.89,3446600,2025-10-14
ARDX,"Ardelyx Inc",5.01,0,0.00%,5,5.07,4.84,3445200,2025-10-14
NAT,"Nordic American Tanker Shipping Ltd",3.18,-0.05,-1.55%,3.15,3.21,3.1,3444500,2025-10-14
BALL,"Ball Corporation",47.58,0.54,+1.15%,46.89,47.81,46.64,3437000,2025-10-14
ADI,"Analog Devices",235.4,0.73,+0.31%,230.11,238.78,229.13,3431500,2025-10-14
WT,"Wisdomtree Inc",13.35,0.1,+0.75%,13.06,13.535,13.06,3404600,2025-10-14
PGRE,"Paramount Group Inc",6.52,-0.01,-0.15%,6.53,6.54,6.52,3401100,2025-10-14
SHW,"Sherwin-Williams Company",335.27,3.11,+0.94%,329.78,337.04,329.25,3393500,2025-10-14
GNTX,"Gentex Corp",25.96,0.06,+0.23%,25.71,26.11,25.62,3393100,2025-10-14
SEI,"Solaris Energy Infrastructure Inc",52.75,0.83,+1.60%,50.22,53.83,49.36,3352600,2025-10-14
QSR,"Restaurant Brands International",68.67,1.88,+2.81%,66.61,68.79,66.61,3340700,2025-10-14
CSGP,"Costar Group Inc",75.73,0.55,+0.73%,74.56,76.09,74.5,3307600,2025-10-14
JEF,"Jefferies Financial Group Inc",53.82,0.090000000000003,+0.17%,52.86,54.44,52.42,3306700,2025-10-14
SLM,"SLM Corp",26.3,0.8,+3.14%,25.16,26.79,25.16,3305200,2025-10-14
SRRK,"Scholar Rock Holding Corp",31.9,-2.38,-6.93%,33.22,34.15,31.69,3277900,2025-10-14
DG,"Dollar General Corp",103.71,1.84,+1.81%,102.25,103.94,101.1,3269400,2025-10-14
PNC,"PNC Bank",189.73,4.51,+2.43%,184.63,190.4,184.5001,3264200,2025-10-14
DHI,"D.R. Horton",156.74,4.15,+2.72%,152.06,158.56,151.815,3244800,2025-10-14
SBRA,"Sabra REIT",17.63,0.1,+0.57%,17.6,17.73,17.53,3243500,2025-10-14
MQ,"Marqeta Inc Cl A",4.76,0.06,+1.28%,4.6,4.77,4.59,3238500,2025-10-14
SFM,"Sprouts Farmers Market",111.13,4.54,+4.26%,108.03,111.31,108,3226800,2025-10-14
EQH,"Axa Equitable Holdings Inc",49.59,0.7,+1.43%,48.47,50.05,48.34,3224100,2025-10-14
TIC,"Tic Solutions Inc",13.09,0.34,+2.67%,12.51,13.205,12.27,3205800,2025-10-14
W,"Wayfair Inc",79.2,2.99,+3.92%,75.2,79.41,73.92,3199400,2025-10-14
XRAY,"Dentsply Sirona Inc",12.47,0.26,+2.13%,12.01,12.51,11.9,3196200,2025-10-14
AEP,"American Electric Power Company",118.38,1.58,+1.35%,117.23,118.68,117,3190000,2025-10-14
GENI,"Genius Sports Ltd",11.72,0.15,+1.30%,11.45,11.93,11.33,3177700,2025-10-14
IRT,"Independence Realty Trust Inc",16.25,-0.11,-0.67%,16.3,16.375,16.09,3172900,2025-10-14
PLD,"Prologis Inc",115.45,2.73,+2.42%,112.55,115.71,111.81,3150700,2025-10-14
OKE,"Oneok Inc",69.58,0.010000000000005,+0.01%,68.65,69.95,68.25,3147400,2025-10-14
EA,"Electronic Arts Inc",200.2,-0.09,-0.04%,200.11,200.78,200.04,3145800,2025-10-14
STWD,"Starwood Property Trust",18.9,0.18,+0.96%,18.66,18.97,18.64,3140800,2025-10-14
HNST,"The Honest Company",3.8,0.07,+1.88%,3.72,3.85,3.64,3139300,2025-10-14
EXEL,"Exelixis Inc",39.51,1.07,+2.78%,38.46,39.9,38.18,3135200,2025-10-14
PCH,"Potlatch Corp",40.97,-0.67,-1.61%,42.59,43.8,40.81,3131600,2025-10-14
LOW,"Lowe's Companies",240.75,6.27,+2.67%,233.92,241.74,233.23,3130300,2025-10-14
FLEX,"Flextronics Intl Ltd",59.6,0.77,+1.31%,57.63,60.49,57.23,3123800,2025-10-14
APLE,"Apple Hospitality REIT Inc",11.61,0.22,+1.93%,11.24,11.64,10.925,3120500,2025-10-14
TSN,"Tyson Foods",52.85,0.75,+1.44%,51.58,52.93,51.0711,3119300,2025-10-14
CEG,"Constellation Energy Corp",389.56,8.65,+2.27%,374.7,395.14,366.16,3110900,2025-10-14
LULU,"Lululemon Athletica",169.13,-0.72,-0.42%,167.47,171.35,165.53,3105400,2025-10-14
EOG,"Eog Resources",109.12,-0.6,-0.55%,107.59,110.45,107.53,3101600,2025-10-14
TNDM,"Tandem Diabetes Care",14.38,0.51,+3.68%,13.69,14.46,13.5,3101100,2025-10-14
VKTX,"Viking Thera",33.05,-0.86,-2.54%,32.87,34.09,32.21,3093800,2025-10-14
STNE,"Stoneco Ltd Cl A",17,-0.03,-0.18%,16.72,17.32,16.63,3091900,2025-10-14
VST,"Vistra Energy Corp",205.51,-4.04,-1.93%,205.79,208.85,201.4,3088100,2025-10-14
SRE,Sempra,91.33,0.16,+0.18%,90.87,91.6,90.195,3087600,2025-10-14
IBM,"Intl Business Machines",276.15,-1.07,-0.39%,275.52,277.53,272.5469,3058100,2025-10-14
GEN,"Gen Digital Inc",26.83,0.13,+0.49%,26.6,27,26.38,3057000,2025-10-14
PTLO,"Portillo's Inc",6.12,0.1,+1.66%,5.96,6.32,5.92,3056200,2025-10-14
BRK.B,"Berkshire Hathaway Cl B",495.97,4.04,+0.82%,490,497.06,489.9501,3056000,2025-10-14
TER,"Teradyne Inc",136.97,-2.16,-1.55%,135.62,138.9,135,3043100,2025-10-14
ADBE,"Adobe Systems Inc",335.94,-3.38,-1.00%,335.22,338.82,332.72,3036800,2025-10-14
MAC,"Macerich Company",17.12,0.38,+2.27%,16.52,17.25,16.44,3029200,2025-10-14
MNMD,"Mind Medicine Mindmed Inc",12.62,0.37,+3.02%,12.21,13.09,12.11,3021700,2025-10-14
KNX,"Knight-Swift Transporation Inc",43.66,0.93,+2.18%,42.5,43.96,42.39,3020200,2025-10-14
PAYO,"Payoneer Global Inc",5.94,0.1,+1.71%,5.73,6.01,5.72,3016400,2025-10-14
OCUL,"Ocular Therapeut",11.23,-0.62,-5.23%,11.83,11.85,11.1,3003800,2025-10-14
WTI,"W&T Offshore",2.25,-0.27,-10.71%,2.4,2.44,2.225,3002200,2025-10-14
GPRE,"Green Plains Inc",11.16,1.2,+12.05%,9.81,11.18,9.81,2993100,2025-10-14
MCD,"McDonald's Corp",304.56,4.45,+1.48%,300.16,305.52,300.1101,2992800,2025-10-14
ES,"Eversource Energy",70.59,-0.38,-0.54%,70.8,71.3,70.335,2986800,2025-10-14
ALKS,"Alkermes Plc",31.94,-0.23,-0.71%,32,32.21,31.59,2977500,2025-10-14
CRGY,"Crescent Energy Company Cl A",8.36,-0.24,-2.79%,8.32,8.56,8.305,2974400,2025-10-14
EXE,"Expand Energy Corporation",101.36,-1.32,-1.29%,100.69,103.36,98.71,2969700,2025-10-14
STZ,"Constellation Brands Inc",141.24,-0.2,-0.14%,140.2,142.05,139.8,2969600,2025-10-14
UDR,"United Dominion Realty Trust",36.36,0.21,+0.58%,36.12,36.44,36.005,2958900,2025-10-14
RUM,"Rumble Inc",8.02,0.18,+2.30%,7.66,8.24,7.53,2948200,2025-10-14
TRU,Transunion,78.92,1.09,+1.40%,76.8,79.22,75.99,2939500,2025-10-14
SNPS,"Synopsys Inc",443.76,-4.24,-0.95%,436.41,452.8,433.36,2937500,2025-10-14
DDOG,"Datadog Inc Cl A",160.88,-3.32,-2.02%,160.63,162.14,158.3,2936600,2025-10-14
ETSY,"Etsy Inc",71.91,1.5,+2.13%,68.16,73.07,67.62,2923200,2025-10-14
XNCR,"Xencor Inc",12.43,-1.53,-10.96%,13.95,13.98,11.17,2898400,2025-10-14
RBRK,"Rubrik Inc Cl A",78.17,-5.02,-6.03%,81.75,81.99,78.16,2898200,2025-10-14
GEV,"GE Vernova Inc",644.41,-3.84,-0.59%,635,656.8799,615.84,2890400,2025-10-14
DRH,"Diamondrock Hospitality Company",7.72,0.11,+1.45%,7.49,7.75,7.475,2886800,2025-10-14
BGS,"B&G Foods Holdings",4.37,0.2,+4.80%,4.15,4.37,4.09,2872400,2025-10-14
GTLB,"Gitlab Inc Cl A",44.76,0.57,+1.29%,43.14,45.29,42.61,2851500,2025-10-14
ICE,"Intercontinental Exchange",158.27,-0.48,-0.30%,159.17,160.4957,157.93,2849100,2025-10-14
SSRM,"Ssr Mining Inc",23.6,0.08,+0.34%,23.32,23.99,23.06,2847800,2025-10-14
PRMB,"Primo Water Corp",22.34,0.47,+2.15%,21.88,22.375,21.805,2845800,2025-10-14
AROC,"Archrock Inc",24.18,0.039999999999999,+0.17%,23.9,24.26,23.67,2833900,2025-10-14
TTEK,"Tetra Tech Inc",33.32,-1.25,-3.62%,34.31,34.42,32.99,2830800,2025-10-14
OEC,"Orion S.A.",5.77,-1.07,-15.64%,5.53,5.82,5.23,2822000,2025-10-14
ALLO,"Allogene Therapeutics Inc",1.23,-0.04,-3.15%,1.23,1.26,1.2,2820600,2025-10-14
SBH,"Sally Beauty Holdings",15.55,1.05,+7.24%,14.24,15.635,14.23,2820000,2025-10-14
JCI,"Johnson Controls Intl",107.85,1.47,+1.38%,105,108.25,104.49,2819700,2025-10-14
AQST,"Aquestive Therapeutics Inc",6.88,0.22,+3.30%,6.67,6.97,6.51,2818300,2025-10-14
CMA,"Comerica Inc",79.49,2.12,+2.74%,77,80.15,77,2814500,2025-10-14
PEB,"Pebblebrook Hotel Trust",10.74,0.44,+4.27%,10.09,10.76,10.09,2813500,2025-10-14
AXP,"American Express Company",332.85,9.73,+3.01%,321.61,336.33,320.5,2810300,2025-10-14
ZTS,"Zoetis Inc Cl A",143.46,1.2,+0.84%,141.55,143.57,141.11,2805700,2025-10-14
ASAN,"Asana Inc Cl A",14.13,-0.13,-0.91%,13.91,14.32,13.7645,2784800,2025-10-14
GEHC,"GE Healthcare Technologies Inc",72.34,0.5,+0.70%,71.17,73.1,70.98,2783700,2025-10-14
RC,"Ready Capital Corp",3.4,0.03,+0.89%,3.33,3.435,3.305,2774900,2025-10-14
CRH,"CRH Plc ADR",120.12,2.58,+2.19%,117,120.4,116.85,2770300,2025-10-14
CRWD,"Crowdstrike Holdings Inc",488.94,-19.67,-3.87%,500.1,500.54,487.59,2768500,2025-10-14
IVR,"Invesco Mortgage Capital Inc",7.25,-0.1,-1.36%,7.28,7.34,7.22,2752100,2025-10-14
DDD,"3D Systems Corp",3.08,-0.03,-0.96%,2.98,3.17,2.87,2749600,2025-10-14
HUM,"Humana Inc",261.61,-9.39,-3.46%,266.11,268,257.94,2745300,2025-10-14
DD,"Dupont Denemours Inc",77.58,1.63,+2.15%,74.73,77.84,74.65,2743600,2025-10-14
IE,"Ivanhoe Electric Inc",16.64,0.67,+4.20%,15.94,16.86,15.2,2743400,2025-10-14
VIK,"Viking Holdings Ltd",61.51,2.21,+3.73%,58.84,62.14,58.35,2742200,2025-10-14
COMM,"Commscope Holding Company",15.52,0.32,+2.11%,14.75,15.6,14.75,2735200,2025-10-14
DUK,"Duke Energy Corp",127.82,1.73,+1.37%,126.91,128.49,126.2901,2713000,2025-10-14
AL,"Air Lease Corp Cl A",63.6,0.1,+0.16%,63.52,63.68,63.51,2704400,2025-10-14
CTAS,"Cintas Corp",188.23,0.29,+0.15%,187.37,189.48,185.52,2702400,2025-10-14
ELS,"Equity Lifestyle Properties",62.21,-0.26,-0.42%,62.51,63,61.76,2694100,2025-10-14
BKD,"Brookdale Senior Living Inc",8.74,0.02,+0.23%,8.71,8.91,8.63,2686900,2025-10-14
DV,"Doubleverify Holdings Inc",11.24,0.07,+0.63%,11.04,11.37,11.0048,2686400,2025-10-14
PGR,"Progressive Corp",240.4,4.12,+1.74%,236.37,241.01,236.3,2680300,2025-10-14
MTCH,"Match Group Inc",32.44,0.32,+1.00%,31.61,32.51,31.61,2674400,2025-10-14
ATUS,"Altice USA Inc Cl A",2.55,0.09,+3.66%,2.42,2.57,2.4,2654900,2025-10-14
FUN,"Cedar Fair LP",21.37,0.77,+3.74%,20.1,21.735,20,2652000,2025-10-14
MET,"Metlife Inc",82.89,2.07,+2.56%,80.2,83.2,80.095,2651900,2025-10-14
SGHC,"Super Group [Sghc] Ltd",13,-0.51,-3.77%,13.33,13.57,12.95,2648900,2025-10-14
ETR,"Entergy Corp",96.66,0.94,+0.98%,95.55,97.29,95.31,2648300,2025-10-14
NET,"Cloudflare Inc Cl A",217.55,-5.01,-2.25%,217.33,217.96,210.33,2645600,2025-10-14
COHR,"Coherent Corp",109.37,-5.76,-5.00%,111.39,113.27,108.19,2641000,2025-10-14
DOCU,"Docusign Inc",68.36,-1.09,-1.57%,68.41,69.06,67.16,2635100,2025-10-14
DNLI,"Denali Therapeutics Inc",15.21,0.23,+1.54%,14.51,15.29,14.02,2634200,2025-10-14
PHM,Pultegroup,124.89,4.4,+3.65%,119.76,125.35,119.395,2632300,2025-10-14
ODFL,"Old Dominion Freight Line Inc",135.43,-0.75,-0.55%,134.71,137.48,134.03,2628500,2025-10-14
MA,"Mastercard Inc",567.92,8.6799999999999,+1.55%,556,569.81,556,2627500,2025-10-14
FATE,"Fate Therapeutics",1.5,0.11,+7.91%,1.38,1.5,1.3,2623000,2025-10-14
GFS,"Globalfoundries Inc",35.14,0.74,+2.15%,33.87,35.74,33.6,2622300,2025-10-14
SWK,"Stanley Black & Decker Inc",67.02,2.53,+3.92%,63.24,67.375,63.2,2620600,2025-10-14
FSLY,"Fastly Inc",8.07,-0.15,-1.82%,8.01,8.27,7.9008,2618600,2025-10-14
MMM,"3M Company",152.53,1.43,+0.95%,149.27,153.71,149.27,2604800,2025-10-14
HALO,"Halozyme Therapeutic",66.65,1.32,+2.02%,64.8,68,64.8,2597300,2025-10-14
BTSG,"Brightspring Health Services Inc",29.92,0.44,+1.49%,28.85,29.97,28.71,2589100,2025-10-14
PEG,"Public Service Enterprise Group Inc",82.44,0.7,+0.86%,81.51,83.315,81.49,2588800,2025-10-14
CVNA,"Carvana Company Cl A",345.91,7.6300000000001,+2.26%,329.14,349.83,323.45,2585400,2025-10-14
ACAD,"Acadia Pharmaceutica",20.36,0.3,+1.50%,19.86,20.47,19.72,2571000,2025-10-14
HOUS,"Anywhere Real Estate Inc",9.64,0.38,+4.10%,9.16,9.79,9.16,2568400,2025-10-14
ILMN,"Illumina Inc",91,-4.03,-4.24%,92.75,93.8,88,2558600,2025-10-14
NOV,"Nov Inc",12.55,-0.16,-1.26%,12.41,12.66,12.38,2556800,2025-10-14
AU,"Anglogold Ashanti Ltd ADR",73.45,-1.12,-1.50%,72.57,75.21,72.425,2552100,2025-10-14
BXP,"Bxp Inc",70.53,0.43000000000001,+0.61%,69.58,70.59,69.44,2539900,2025-10-14
NTNX,"Nutanix Inc",67.94,-0.96,-1.39%,67.71,68.83,67.5,2534900,2025-10-14
CRSP,"Crispr Therapeutics Ag",69.38,1.09,+1.60%,67.5,71.31,64.8,2521700,2025-10-14
VSAT,"Viasat Inc",36.92,2.22,+6.40%,33.72,37.14,33.22,2519500,2025-10-14
GE,"GE Aerospace",300.08,2.55,+0.86%,294.84,302.29,292.01,2516400,2025-10-14
ETNB,"89Bio Inc",14.79,-0.01,-0.07%,14.78,14.81,14.77,2513900,2025-10-14
DECK,"Deckers Outdoor Corp",99.28,0.97,+0.99%,97,99.67,96.45,2511900,2025-10-14
SANA,"Sana Biotechnology Inc",4.45,0.11,+2.42%,4.26,4.64,4.21,2509000,2025-10-14
SFIX,"Stitch Fix Inc",4.3,0.08,+1.90%,4.11,4.36,4.07,2494200,2025-10-14
NDAQ,"Nasdaq Inc",89.54,0.15,+0.17%,88.93,90.17,88.92,2493100,2025-10-14
BBIO,"Bridgebio Pharma Inc",56.5,0.54,+0.96%,55.95,57.47,55.41,2490200,2025-10-14
ARVN,"Arvinas Inc",9.41,-0.39,-3.98%,9.76,9.87,9.29,2487300,2025-10-14
BJ,"Bj's Wholesale Club Holdings Inc",94.08,1.22,+1.31%,92.78,95.48,92.76,2487100,2025-10-14
APPS,"Digital Turbine",6.56,0.15,+2.34%,6.21,6.57,6.02,2483600,2025-10-14
SM,"Sm Energy Company",22.58,-0.53,-2.29%,22.34,22.965,22.15,2478100,2025-10-14
RPRX,"Royalty Pharma Plc Cl A",36,0.56,+1.58%,35.51,36.13,35.5,2474800,2025-10-14
RELY,"Remitly Global Inc",15.31,0.46,+3.10%,14.8,15.32,14.72,2472300,2025-10-14
WOOF,"Petco Health and Wellness Company Cl A",3.55,0.09,+2.60%,3.42,3.58,3.35,2471200,2025-10-14
BMRN,"Biomarin Pharmaceuticals",52.47,0.02,+0.04%,51.78,52.81,51.56,2469600,2025-10-14
REAL,"The Realreal Inc",10.32,0.14,+1.38%,9.99,10.62,9.87,2469400,2025-10-14
CNM,"Core & Main Inc Cl A",51.77,2.27,+4.59%,49.04,52.06,48.95,2469100,2025-10-14
CRK,"Comstock Resources",19.21,-0.38,-1.94%,19.04,19.645,18.62,2467800,2025-10-14
SIRI,"Siriusxm Holdings Inc",21.8,0.35,+1.63%,21.32,21.95,21.1,2462500,2025-10-14
COO,"Cooper Companies",71.21,1.91,+2.76%,68.63,71.98,68.36,2452300,2025-10-14
AXL,"American Axle & Manufacturing",5.6,0.19,+3.51%,5.29,5.635,5.29,2446200,2025-10-14
PAYX,"Paychex Inc",128.59,1.17,+0.92%,127.55,129.2,127.08,2444200,2025-10-14
LITE,"Lumentum Holdings",156.78,-3.78,-2.35%,155.52,161.19,152.78,2443900,2025-10-14
AIV,"Apartment Investment and Management",7.91,0.21,+2.73%,7.68,7.96,7.669,2433300,2025-10-14
SPT,"Sprout Social Inc Cl A",11.08,0.12,+1.09%,10.75,11.18,10.65,2429000,2025-10-14
MKC,"Mccormick & Company",65.8,0.89,+1.37%,64.65,65.88,64.09,2426200,2025-10-14
BAM,"Brookfield Asset Management Ltd",56.54,-0.42,-0.74%,56.25,57.16,55.74,2421500,2025-10-14
PSTG,"Pure Storage Inc",92.5,-0.03,-0.03%,90.54,93.4,89.73,2414200,2025-10-14
GTM,"Zoominfo Technologies Inc Cl A",10.26,-0.02,-0.19%,10.06,10.32,10.02,2410100,2025-10-14
ASPN,"Aspen Aerogels Inc",8.09,-0.37,-4.37%,8.05,8.325,7.78,2404500,2025-10-14
RRC,"Range Resources Corp",36.13,-0.84,-2.27%,35.7,36.57,35.52,2399500,2025-10-14
TALK,"Talkspace Inc",3.05,0.13,+4.45%,2.94,3.08,2.88,2396000,2025-10-14
AMKR,"Amkor Technology",29.91,-0.55,-1.81%,29.41,30.43,29.39,2393100,2025-10-14
BBBY,"Bed Bath & Beyond Inc",9.03,0.38,+4.39%,8.38,9.2,8.25,2390100,2025-10-14
NCNO,"Ncino Inc",24.88,0.17,+0.69%,24.4,25.01,24.1,2381500,2025-10-14
BDN,"Brandywine Realty Trust",3.71,0.05,+1.37%,3.65,3.735,3.62,2376600,2025-10-14
NFLX,"Netflix Inc",1215.35,-3.68,-0.30%,1214.75,1224.29,1203.1,2362400,2025-10-14
DBX,"Dropbox Inc",28.4,-0.26,-0.91%,28.35,28.72,28.28,2362100,2025-10-14
CCI,"Crown Castle Inc",97.29,1.19,+1.24%,96.18,97.63,95.98,2361400,2025-10-14
MGNI,"Magnite Inc",17.96,0.46,+2.63%,17.11,17.97,16.74,2325600,2025-10-14
LNTH,"Lantheus Holdings",55.07,0.48,+0.88%,54.46,56.56,53.97,2325500,2025-10-14
VVV,"Valvoline Inc",35.53,0.28,+0.79%,35.08,36.22,34.81,2321600,2025-10-14
SKYT,"Skywater Technology Inc",18.81,-0.01,-0.05%,18.26,20.75,17.82,2318400,2025-10-14
CAH,"Cardinal Health",154.19,-0.12,-0.08%,154.34,154.45,151.87,2316300,2025-10-14
BLMN,"Bloomin' Brands Inc",7.69,0.43,+5.92%,7.16,7.76,7.1,2315300,2025-10-14
PENN,"Penn Entertainment Inc",17.17,0.43,+2.57%,16.57,17.3,16.5,2310700,2025-10-14
NTAP,"Netapp Inc",120.55,1.69,+1.42%,116.94,121.72,116.36,2309800,2025-10-14
SGI,"Somnigroup International Inc",87.35,2.3,+2.70%,84.2,87.65,84.2,2307900,2025-10-14
SARO,"Standardaero Inc",28.64,1.13,+4.11%,27.61,28.88,27.11,2307200,2025-10-14
INDV,"Indivior Plc",24.54,0.67,+2.81%,23.72,24.82,23.67,2306300,2025-10-14
UNP,"Union Pacific Corp",227.08,1.23,+0.54%,223.92,227.85,223.33,2306200,2025-10-14
DEI,"Douglas Emmett",13.7,-0.1,-0.72%,13.62,13.85,13.62,2305000,2025-10-14
BG,"Bunge Ltd",82.41,1.43,+1.77%,80.15,82.72,79.115,2300500,2025-10-14
PCVX,"Vaxcyte Inc",42.85,-0.96,-2.19%,42.96,43.97,42.75,2297800,2025-10-14
NXT,"Nextracker Inc Cl A",86.95,-0.01,-0.01%,85.34,87.9,82.84,2291500,2025-10-14
OLN,"Olin Corp",24.53,0.64,+2.68%,23.11,24.99,22.83,2286800,2025-10-14
TNGX,"Tango Therapeutics Inc",8.7,0.23,+2.72%,8.37,9.11,8.13,2283800,2025-10-14
GO,"Grocery Outlet Holding Corp",15.46,0.35,+2.32%,15.4,15.93,15.14,2278500,2025-10-14
SWKS,"Skyworks Solutions",72.77,-0.6,-0.82%,71.33,73.64,71.25,2276100,2025-10-14
TGNA,"Tegna Inc",20.01,-0.07,-0.35%,20.01,20.11,19.825,2271100,2025-10-14
BRKR,"Bruker Corp",36.52,0.29,+0.80%,35.68,37.1,35.56,2259600,2025-10-14
DHR,"Danaher Corp",206.15,1.01,+0.49%,202.88,207.36,202.33,2254100,2025-10-14
MXL,"Maxlinear Inc",16.88,1.12,+7.11%,15.22,17.83,15.07,2253500,2025-10-14
Z,"Zillow Group Cl C",72.31,2.55,+3.66%,69.23,72.87,69.2,2250100,2025-10-14
RSI,"Rush Street Interactive Inc",19.82,0.92,+4.87%,18.72,20.08,18.624,2244300,2025-10-14
SMMT,"Summit Therapeu ADR",21.75,-1.18,-5.15%,22.09,22.2,21.2,2243100,2025-10-14
UNIT,"Uniti Group Inc",5.36,-0.09,-1.65%,5.33,5.54,5.3,2239500,2025-10-14
FOXA,"Fox Corp Cl A",58.11,0.01,+0.02%,57.75,58.25,57.25,2238000,2025-10-14
VECO,"Veeco Instrument",27.81,-0.72,-2.52%,27.62,28.7,27.62,2236800,2025-10-14
AKRO,"Akero Therapeutics Inc",53.81,0.15,+0.28%,53.71,53.97,53.66,2231400,2025-10-14
CERT,"Certara Inc",11.9,-0.35,-2.86%,12.04,12.23,11.89,2220100,2025-10-14
FND,"Floor & Decor Holdings Inc",70.35,0.97,+1.40%,68.09,70.8,67.01,2220000,2025-10-14
MODG,"Topgolf Callaway Brands Corp",9.39,0.51,+5.74%,8.74,9.53,8.65,2219000,2025-10-14
OTIS,"Otis Worldwide Corp",90.82,1.64,+1.84%,89.08,90.91,88.7001,2210800,2025-10-14
DYN,"Dyne Therapeutics Inc",15.45,1.42,+10.12%,14.17,15.5,13.88,2200600,2025-10-14
PCAR,"Paccar Inc",95.11,1.88,+2.02%,92.44,95.78,92.25,2196500,2025-10-14
FSLR,"First Solar Inc",224.43,-1.72,-0.76%,224.26,230.96,220.1,2191700,2025-10-14
PK,"Park Hotels & Resorts Inc",11.06,0.26,+2.41%,10.64,11.13,10.585,2186500,2025-10-14
CYTK,Cytokinetics,61.03,1.44,+2.42%,59.05,61.58,58.84,2173900,2025-10-14
BMBL,"Bumble Inc",5.34,0.1,+1.91%,5.11,5.38,5.11,2163500,2025-10-14
URBN,"Urban Outfitters Inc",67.92,-1.1,-1.59%,67.97,68.83,67.07,2162300,2025-10-14
ARHS,"Arhaus Inc Cl A",10.28,0.15,+1.48%,9.99,10.45,9.91,2158000,2025-10-14
EVLV,"Evolv Technologies Hldgs Inc",8.3,0.21,+2.60%,7.98,8.45,7.76,2156500,2025-10-14
VIAV,"Viavi Solutions",12.78,0.19,+1.51%,12.43,12.82,12.43,2150600,2025-10-14
TAP,"Molson Coors Brewing Company",46.73,0.7,+1.52%,45.99,46.82,45.81,2144500,2025-10-14
PLTK,"Playtika Holding Corp",3.47,0.1,+2.97%,3.32,3.48,3.31,2136700,2025-10-14
ATEC,"Alphatec Holdings",13.81,0.57,+4.31%,13.21,13.98,13.19,2115700,2025-10-14
CIVI,"Civitas Resources Inc",28.91,-1.82,-5.92%,29.7,30.23,28.895,2113800,2025-10-14
RVMD,"Revolution Medicines Inc",47.5,-1.25,-2.56%,48.53,48.77,47.5,2113800,2025-10-14
EDIT,"Editas Medicine",3.59,0.03,+0.84%,3.44,3.72,3.32,2113000,2025-10-14
ALK,"Alaska Air Group",49.42,1.15,+2.38%,47.42,49.82,47.2,2109400,2025-10-14
BNL,"Broadstone Net Lease Inc Cl A",18.29,0.11,+0.61%,18.16,18.355,18.02,2108300,2025-10-14
BLDR,"Builders Firstsource",128.09,7.38,+6.11%,119.5,128.71,119.0001,2102700,2025-10-14
BRX,"Brixmor Property Group Inc",27.03,0.22,+0.82%,26.69,27.115,26.62,2100800,2025-10-14
FLUT,"Flutter Entertainment Plc",249.94,0.21000000000001,+0.08%,246.3,251.7,246.3,2098400,2025-10-14
FLO,"Flowers Foods",12.68,0.17,+1.36%,12.47,12.72,12.45,2097000,2025-10-14
YUM,"Yum! Brands",143.98,3.51,+2.50%,139.65,144.62,139.29,2096000,2025-10-14
AM,"Antero Midstream Corp",18,-0.38,-2.07%,18.2,18.29,17.965,2093400,2025-10-14
ZM,"Zoom Communications Inc",79.32,0.15,+0.19%,78.06,80.11,77.76,2089300,2025-10-14
ISRG,"Intuitive Surg Inc",436.39,0.66,+0.15%,430.3,439.2,427.84,2086000,2025-10-14
KBH,"KB Home",61.27,3.24,+5.58%,57.78,61.5,57.78,2083300,2025-10-14
COUR,"Coursera Inc",10.21,0.11,+1.09%,9.96,10.3,9.9,2080200,2025-10-14
ROST,"Ross Stores Inc",155.26,0.49,+0.32%,154.66,156.55,154.17,2077800,2025-10-14
MGY,"Magnolia Oil & Gas Corp",23.08,-0.23,-0.99%,22.75,23.295,22.695,2071500,2025-10-14
KD,"Kyndryl Hldgs Inc",27.95,-0.05,-0.18%,27.43,28.12,27.22,2066500,2025-10-14
VSTS,"Vestis Corporation",4.87,0.25,+5.41%,4.56,4.95,4.5,2061400,2025-10-14
INOD,"Innodata Inc",75.83,-5.85,-7.16%,76.74,79.12,73.28,2055000,2025-10-14
EXAS,"Exact Sciences Cor",60.56,1.2,+2.02%,58.85,60.97,58.53,2053700,2025-10-14
IRDM,"Iridium Comm Inc",19.03,0.23,+1.22%,18.45,19.26,18.35,2046800,2025-10-14
JAMF,"Jamf Holding Corp",9.7,-0.65,-6.28%,10.18,10.34,9.69,2044500,2025-10-14
LNG,"Cheniere Energy",226.22,-0.78,-0.34%,225.09,227.32,223.35,2036800,2025-10-14
DHT,"Dht Holdings",11.2,-0.18,-1.58%,10.93,11.35,10.83,2036500,2025-10-14
BEAM,"Beam Therapeutics Inc",25.42,0.03,+0.12%,24.69,26.04,23.53,2028200,2025-10-14
SYY,"Sysco Corp",80.14,1.87,+2.39%,78.41,80.185,78.1653,2025500,2025-10-14
UGI,"Ugi Corp",31.87,0.12,+0.38%,31.68,32.08,31.62,2024600,2025-10-14
MMC,"Marsh & Mclennan Companies",207.02,1.66,+0.81%,205.77,207.28,204.51,2012900,2025-10-14
ALT,"Altimmune Inc",3.97,-0.03,-0.75%,3.92,4,3.82,2010500,2025-10-14
SCCO,"Southern Copper Corp",130.75,-2.45,-1.84%,129.35,132.77,127.5123,2010400,2025-10-14
DAY,"Dayforce Inc",68.2,-0.18,-0.26%,68.22,68.4,68.15,2008200,2025-10-14
FMC,"FMC Corp",30.41,0.87,+2.95%,29.27,30.5755,29.17,2006200,2025-10-14
SN,"Sharkninja Inc",91.38,2.18,+2.44%,88.15,91.88,87.895,2005400,2025-10-14
TPR,"Tapestry Inc",116.26,2.2,+1.93%,112.65,117.31,111.35,2004900,2025-10-14
LION,"Lionsgate Studios Corp",6.1,0.0099999999999998,+0.16%,6.03,6.19,5.99,1995000,2025-10-14
GPN,"Global Payments Inc",86.47,2.25,+2.67%,83.18,86.917,83.0905,1993700,2025-10-14
WEC,"Wisconsin Energy Corp",116.49,1.52,+1.32%,115.64,117.2,115.18,1993600,2025-10-14
HAIN,"Hain Celestial Group",1.33,-0.01,-0.75%,1.33,1.34,1.29,1992500,2025-10-14
ALGM,"Allegro Microsystems Inc",27.61,0.2,+0.73%,26.7,28.25,26.54,1989500,2025-10-14
YETI,"Yeti Holdings Inc",33.97,1.77,+5.50%,31.96,34.54,31.88,1985500,2025-10-14
DASH,"Doordash Inc Cl A",270.54,-2.98,-1.09%,272.91,275.55,266.99,1983400,2025-10-14
AEVA,"Aeva Technologies Inc",18.07,0.51,+2.90%,17.04,18.45,16.25,1982400,2025-10-14
EMR,"Emerson Electric Company",129.77,1.59,+1.24%,126,131.315,125.715,1981400,2025-10-14
AMGN,"Amgen Inc",293.85,1.45,+0.49%,291.74,296.87,290.97,1975900,2025-10-14
ESTC,"Elastic N.V.",81.81,-2.91,-3.43%,83.5,84.59,81.73,1972100,2025-10-14
REZI,"Resideo Technologies Inc",41.66,1.28,+3.17%,39.845,42.1299,39.3599,1968900,2025-10-14
MAS,"Masco Corp",68.13,2.14,+3.24%,65.57,68.445,65.412,1968400,2025-10-14
MTG,"Mgic Investment Corp",27.66,0.7,+2.60%,26.89,27.745,26.89,1958300,2025-10-14
LKQ,"LKQ Corp",29.83,0.68,+2.33%,28.78,29.89,28.76,1956800,2025-10-14
RLJ,"Rlj Lodging Trust",6.77,0.06,+0.89%,6.62,6.815,6.54,1956400,2025-10-14
ROKU,"Roku Inc",94.4,0.57,+0.61%,92,95.53,91.1,1956400,2025-10-14
BILL,"Bill Holdings Inc",49.9,0.3,+0.60%,48.88,50.46,48.55,1956100,2025-10-14
K,Kellanova,82.95,0.15000000000001,+0.18%,82.8,82.95,82.8,1955300,2025-10-14
VLO,"Valero Energy Corp",162.19,0.78,+0.48%,159.11,163.66,159.11,1953400,2025-10-14
NVST,"Envista Holdings Corp",19.45,0.23,+1.20%,18.9,19.57,18.77,1945800,2025-10-14
ADCT,"Adc Therapeutics Sa",4.11,-0.5,-10.85%,4.5,4.625,4.08,1944600,2025-10-14
PSX,"Phillips 66",130.84,1.05,+0.81%,128.13,132.97,127.665,1941300,2025-10-14
ANF,"Abercrombie & Fitch Company",72.44,-0.46,-0.63%,72,72.9925,71.5,1938800,2025-10-14
LLY,"Eli Lilly and Company",812.35,-7.05,-0.86%,822.09,822.09,806,1928300,2025-10-14
COST,"Costco Wholesale",946.51,10.95,+1.17%,940.26,947.42,935.95,1925800,2025-10-14
PLAY,"Dave & Buster's Entertainment",18.77,1.1,+6.23%,17.52,19.13,17.29,1924800,2025-10-14
WNS,"Wns Ltd ADR",76.36,0.069999999999993,+0.09%,76.31,76.39,76.3,1922800,2025-10-14
AMH,"American Homes 4 Rent",33.06,0.14,+0.43%,32.815,33.275,32.815,1916300,2025-10-14
ROL,"Rollins Inc",56.89,0.8,+1.43%,56.28,56.965,55.89,1914900,2025-10-14
GEO,"Geo Group Inc",17.45,0.12,+0.69%,17.14,17.7,17.03,1910700,2025-10-14
AMSC,"Amer Superconductor",65.54,3.97,+6.45%,59.21,66.55,57.01,1910200,2025-10-14
SATS,"Echostar Corp",75.05,0.2,+0.27%,74,76,73.11,1906700,2025-10-14
ACHC,"Acadia Healthcr Company",24.93,0.64,+2.63%,24.03,25.2,23.5,1904000,2025-10-14
BRO,"Brown & Brown",94.77,0.28999999999999,+0.31%,94.56,94.9575,93.795,1902400,2025-10-14
STOK,"Stoke Therapeutics Inc",34.94,4.6,+15.16%,30.37,35.08,29.62,1899500,2025-10-14
OKTA,"Okta Inc Cl A",89.08,-1.06,-1.18%,88.7,90.05,87.61,1894900,2025-10-14
BRBR,"Bellring Brands Inc Cl A",34.72,0.4,+1.17%,34.15,35.3,34.0087,1887400,2025-10-14
PTGX,"Protagonist Therapeutics Inc",76.94,-2.23,-2.82%,78.49,78.49,76,1885900,2025-10-14
HWM,"Howmet Aerospace Inc",193.03,3.04,+1.60%,188,194.95,186.875,1884400,2025-10-14
LRMR,"Larimar Therapeutics Inc",3.9,-0.35,-8.24%,4.16,4.21,3.88,1880000,2025-10-14
TRIP,"Tripadvisor Inc",15.72,0.34,+2.21%,15.08,16.04,15.04,1878500,2025-10-14
IMVT,"Immunovant Inc",17.49,0.14,+0.81%,16.9,17.88,16.77,1878300,2025-10-14
FOUR,"Shift4 Payments Inc",77.78,1.29,+1.69%,75.75,78.22,75.27,1874700,2025-10-14
IAS,"Integral Ad Science Holding Corp",10.19,0,0.00%,10.19,10.2,10.18,1874200,2025-10-14
TT,"Trane Technologies Plc",424.04,5.28,+1.26%,414.17,425.05,411.4,1871900,2025-10-14
JACK,"Jack IN The Box Inc",19.64,1.86,+10.46%,17.55,19.98,17.49,1870600,2025-10-14
CME,"CME Group Inc",267.18,-4.1,-1.51%,273.54,275.37,266.53,1870300,2025-10-14
WRBY,"Warby Parker Inc Cl A",22.14,-0.08,-0.36%,21.65,22.46,21.52,1869900,2025-10-14
STT,"State Street Corp",115.4,1.21,+1.06%,113.16,116.02,113.16,1869700,2025-10-14
NE,"Noble Corp Plc",27.3,-0.28,-1.02%,26.79,27.425,26.73,1869500,2025-10-14
TWO,"Two Harbors Invt Corp",9.87,0.09,+0.92%,9.72,9.915,9.69,1860600,2025-10-14
FRPT,"Freshpet Inc CS",51.58,3.18,+6.57%,48.4,51.71,48.38,1856700,2025-10-14
DRVN,"Driven Brands Holdings Inc",16.29,1.16,+7.67%,15.03,16.33,14.93,1852900,2025-10-14
KRG,"Kite Realty Group Trust",21.81,0.15,+0.69%,21.55,21.8612,21.4,1847000,2025-10-14
LQDA,"Liquidia Corp",22.77,-1.,-4.21%,23.75,23.84,22.39,1840600,2025-10-14
AEHR,"Aehr Test Systems",27.29,1.77,+6.94%,24.66,27.98,23.75,1839900,2025-10-14
XERS,"Xeris Pharmaceuticals Inc",8.12,0.17,+2.14%,7.97,8.25,7.94,1837700,2025-10-14
LEG,"Leggett & Platt Inc",8.81,0.32,+3.77%,8.37,8.8151,8.34,1837400,2025-10-14
GTX,"Garrett Motion Inc",12.55,0.06,+0.48%,12.41,12.63,12.37,1837100,2025-10-14
PD,"Pagerduty Inc",15.81,-0.3,-1.86%,15.86,16.23,15.71,1835600,2025-10-14
EXLS,"Exlservice Holdings",41.01,0.2,+0.49%,40.46,41.21,40.34,1831300,2025-10-14
VTR,"Ventas Inc",67.96,0.50999999999999,+0.76%,67.62,68.16,67.36,1828700,2025-10-14
ADC,"Agree Realty Corp",73.15,0.46000000000001,+0.63%,72.84,73.52,72.62,1827500,2025-10-14
CADE,"Cadence Bank",39.47,1,+2.60%,38.13,39.72,37.94,1823900,2025-10-14
LNT,"Alliant Energy Corp",68.33,0.67,+0.99%,68.04,68.61,67.78,1816600,2025-10-14
ACGL,"Arch Capital Grp Ltd",92.23,-0.02,-0.02%,92.25,92.81,90.82,1813700,2025-10-14
LZ,"Legalzoom.com Inc",10.13,0.1,+1.00%,9.89,10.14,9.83,1808100,2025-10-14
LMND,"Lemonade Inc",52.52,2.16,+4.29%,49.25,52.5899,48.27,1798500,2025-10-14
PRGO,"Perrigo Company",21.66,0.47,+2.22%,21.12,21.93,21.05,1792900,2025-10-14
WDAY,"Workday Inc",237.18,0.58,+0.25%,233.71,238.97,232.79,1792700,2025-10-14
ESI,"Element Solutions Inc",25.25,0.16,+0.64%,24.77,25.469,24.695,1792300,2025-10-14
PRU,"Prudential Financial Inc",103.7,2.45,+2.42%,100.6,104.36,100.55,1788400,2025-10-14
AFL,"Aflac Inc",111.51,1.25,+1.13%,110.24,111.57,109.89,1788000,2025-10-14
SRTA,"Strata Critical Medical Inc",5.57,0.65,+13.21%,4.82,5.63,4.75,1785800,2025-10-14
BXMT,"Blackstone Mortgage Trust Inc Cl A",18.55,0.3,+1.64%,18.11,18.575,18.11,1784600,2025-10-14
ENTG,"Entegris Inc",90.94,-0.97,-1.06%,88.25,93.04,87.44,1779500,2025-10-14
RXO,"Rxo Inc",16.94,0.6,+3.67%,16.01,17.06,16,1770200,2025-10-14
MDU,"Mdu Res Group Inc",19.13,0.22,+1.16%,18.86,19.255,18.81,1763000,2025-10-14
FANG,"Diamondback Energy",141.83,-0.28,-0.20%,139.39,143.1,139,1751700,2025-10-14
TWLO,Twilio,108.1,-2.43,-2.20%,108.51,109.22,105.705,1751500,2025-10-14
FULT,"Fulton Financial Cor",18.23,0.57,+3.23%,17.55,18.41,17.55,1743300,2025-10-14
UDMY,"Udemy Inc",6.5,0.09,+1.40%,6.33,6.51,6.26,1740400,2025-10-14
CIEN,"Ciena Corp",164.82,0.039999999999992,+0.02%,161.55,167.28,159.01,1738600,2025-10-14
TREX,"Trex Company",53.14,1.77,+3.45%,50.94,53.35,50.53,1736100,2025-10-14
TDUP,"Thredup Inc Cl A",9.41,0.49,+5.49%,8.8,9.68,8.8,1733300,2025-10-14
WAY,"Waystar Holding Corp",36.62,0.45,+1.26%,35.82,36.7,35.75,1723900,2025-10-14
DAN,"Dana Inc",18.56,0.28,+1.53%,17.95,18.68,17.89,1720400,2025-10-14
CWK,"Cushman & Wakefield Plc",15.55,0.51,+3.39%,14.87,15.705,14.87,1720200,2025-10-14
TW,"Tradeweb Markets Inc",108.23,-0.12,-0.11%,108.31,109.08,106.32,1718500,2025-10-14
KURA,"Kura Oncology",9.62,-0.31,-3.12%,9.76,9.98,9.57,1716700,2025-10-14
LTH,"Life Time Group Holdings Inc",25.69,0.31,+1.22%,25.11,25.83,24.99,1714200,2025-10-14
MUR,"Murphy Oil Corp",28.33,-0.45,-1.56%,27.76,29,27.71,1710600,2025-10-14
BIRK,"Birkenstock Holding Plc",42.63,0.050000000000004,+0.12%,41.85,42.775,41.65,1709700,2025-10-14
KMB,"Kimberly-Clark Corp",120.17,0.9,+0.75%,119.6,120.61,119.09,1708500,2025-10-14
SJM,"J.M. Smucker Company",102.42,0.93000000000001,+0.92%,101.61,102.57,100.76,1707800,2025-10-14
FBIN,"Fortune Brands Innovations Inc",49.81,1.69,+3.51%,47.69,50.01,47.55,1707700,2025-10-14
GCI,"Gannett Inc",3.59,0.1,+2.87%,3.43,3.605,3.42,1707000,2025-10-14
PRCH,"Porch Group Inc",15.48,0.43,+2.86%,14.8,15.66,14.6,1704100,2025-10-14
EYE,"National Vision Holdings Inc",26.9,0.53,+2.01%,25.92,26.92,25.86,1700800,2025-10-14
TRGP,"Targa Resources",150.38,-1.39,-0.92%,148.97,151.63,147.31,1697700,2025-10-14
TXG,"10X Genomics Inc",11.54,-0.06,-0.52%,11.33,11.76,11.16,1696000,2025-10-14
CROX,"Crocs Inc",83.98,2.49,+3.06%,80.15,84.39,79.8,1695200,2025-10-14
TECH,"Bio-Techne Corp",59.27,-0.38,-0.64%,58.73,60.08,58.15,1691200,2025-10-14
BUR,"Burford Capital Ltd",11.3,0.16,+1.44%,11,11.33,10.99,1691100,2025-10-14
PBF,"PBF Energy Inc",29.38,0.27,+0.93%,28.47,30.51,28.44,1689500,2025-10-14
NRG,"NRG Energy",165.61,-3.16,-1.87%,165.57,168.98,163.09,1680800,2025-10-14
ALHC,"Alignment Healthcare Inc",17.26,-0.05,-0.29%,17.53,17.65,17.2,1679200,2025-10-14
BWA,"Borgwarner Inc",41.75,0.53,+1.29%,40.51,42.02,40.5,1678500,2025-10-14
ARMK,"Aramark Holdings Corp",39.88,0.090000000000003,+0.23%,39.58,39.9,39.35,1676700,2025-10-14
ETN,"Eaton Corp",374.35,-1.02,-0.27%,368.73,379.15,364.36,1669400,2025-10-14
UPWK,"Upwork Inc",16.94,-0.15,-0.91%,16.81,17.19,16.8,1669200,2025-10-14
CF,"Cf Industries Holdings",86.73,-1.48,-1.68%,88.03,88.415,85.4226,1669100,2025-10-14
SNDX,"Syndax Pharma",15.31,0.11,+0.72%,15,15.4,14.69,1668800,2025-10-14
WRB,"W.R. Berkley Corp",78.46,1.01,+1.30%,77.81,78.48,77.27,1667300,2025-10-14
TTMI,"TTM Technologies",55.25,-0.28,-0.50%,53.6,55.86,53.36,1665600,2025-10-14
LIN,"Linde Plc",459.25,2.61,+0.57%,453.25,462.07,453.07,1664800,2025-10-14
CNDT,"Conduent Inc",2.41,-0.06,-2.43%,2.41,2.51,2.39,1661200,2025-10-14
SPRY,"Ars Pharmaceuticals Inc",10.66,-0.27,-2.47%,10.88,11.37,10.64,1655400,2025-10-14
AKBA,"Akebia Therapeutics",2.79,0.01,+0.36%,2.75,2.84,2.7,1652500,2025-10-14
FIVN,"Five9 Inc",22.26,0.66,+3.06%,21.15,22.54,21.1,1652500,2025-10-14
AEE,"Ameren Corp",104.23,0.67,+0.65%,103.85,104.77,103.59,1652100,2025-10-14
LBTYA,"Liberty Global Ltd Ord A",10.95,0.01,+0.09%,10.82,11.07,10.81,1648800,2025-10-14
PUMP,"Propetro Holding Corp",5.12,-0.07,-1.35%,5.03,5.18,4.98,1644900,2025-10-14
PHAT,"Phathom Pharmaceuticals Inc",12.5,-0.03,-0.24%,12.17,12.77,11.48,1638800,2025-10-14
ELV,"Elevance Health Inc",350.48,-0.94,-0.27%,345.12,351.43,344.3678,1638300,2025-10-14
CLNE,"Clean Energy Fuels",2.87,0.1,+3.61%,2.72,2.88,2.69,1633600,2025-10-14
TALO,"Talos Energy Inc",9.3,-0.22,-2.31%,9.25,9.45,9.24,1632900,2025-10-14
DPZ,"Domino's Pizza Inc",424.23,15.97,+3.91%,407.24,428.26,398.81,1630700,2025-10-14
GOGO,"Gogo Inc",9.58,0.68,+7.64%,8.82,9.83,8.77,1629800,2025-10-14
AWK,"American Water Works",141.56,1.93,+1.38%,139.96,143.525,139.5,1629300,2025-10-14
ABR,"Arbor Realty Trust",11.8,0.18,+1.55%,11.54,11.88,11.51,1623300,2025-10-14
SVC,"Service Properties Trust",2.28,-0.02,-0.87%,2.26,2.36,2.23,1622900,2025-10-14
CNX,"CNX Resources Corp",31.85,-0.79,-2.42%,32.2,32.69,31.57,1621300,2025-10-14
CMS,"Cms Energy Corp",74.35,0.8,+1.09%,73.84,74.905,73.595,1619800,2025-10-14
OHI,"Omega Healthcare Investors",39.66,0.25,+0.63%,39.61,39.97,39.4,1611800,2025-10-14
SEMR,"Semrush Holdings Inc Cl A",7.18,0.08,+1.13%,6.98,7.27,6.91,1611800,2025-10-14
CLX,"Clorox Company",119.33,-1.04,-0.86%,120.76,120.85,117.22,1604600,2025-10-14
HSY,"Hershey Foods Corp",189.43,0.23000000000002,+0.12%,188.6,191.45,184.5301,1604100,2025-10-14
CDNS,"Cadence Design Sys",325.75,-6.48,-1.95%,324.5,329.85,318.02,1602900,2025-10-14
RNA,"Avidity Biosciences Inc",48.13,-0.83,-1.70%,47.71,48.61,46.75,1601400,2025-10-14
TMO,"Thermo Fisher Scientific Inc",525.83,1.25,+0.24%,521.74,529.85,519.45,1600900,2025-10-14
USFD,"US Foods Holding",77.1,1.6,+2.12%,75.3,77.2,75.3,1600900,2025-10-14
IFF,"International Flavors & Fragrances",61.67,1.57,+2.61%,60,61.71,59.75,1596500,2025-10-14
KRC,"Kilroy Realty Corp",40.57,0.21,+0.52%,39.92,40.83,39.89,1595700,2025-10-14
AKR,"Acadia Realty Trust",19.27,0.11,+0.57%,19.04,19.33,18.975,1593700,2025-10-14
RMBS,"Rambus Inc",94.85,-2.16,-2.23%,93.46,97.08,93,1592200,2025-10-14
DT,"Dynatrace Inc",48.18,-0.15,-0.31%,47.83,48.283,47.235,1589700,2025-10-14
CTRE,"Caretrust REIT Inc",33.21,0.31,+0.94%,32.86,33.295,32.79,1584200,2025-10-14
REXR,"Rexford Industrial Realty Inc",40.94,0.4,+0.99%,40.17,41.01,40.12,1584100,2025-10-14
OZK,"Bank Ozk",51.31,1.05,+2.09%,49.54,51.42,49.54,1581100,2025-10-14
RLAY,"Relay Therapeutics Inc",6.03,-0.24,-3.83%,6.12,6.27,5.85,1574200,2025-10-14
ANNX,"Annexon Inc",3,-0.01,-0.17%,2.93,3.05,2.86,1573700,2025-10-14
AIOT,"Powerfleet Inc",5.45,0.31,+6.03%,4.97,5.48,4.96,1570600,2025-10-14
CHRW,"C.H. Robinson Ww",127.98,3.59,+2.89%,124.39,128.13,123.64,1569400,2025-10-14
BRZE,"Braze Inc Cl A",25.97,-0.19,-0.73%,25.63,26.15,25.53,1567900,2025-10-14
STAG,"Stag Industrial Inc",36.82,0.56,+1.54%,36.1,36.87,36.04,1565400,2025-10-14
PINC,"Premier Inc Cl A",28,0.04,+0.14%,27.87,28.05,27.87,1565000,2025-10-14
XPO,"Xpo Inc",129.42,0.98999999999998,+0.77%,127.01,130.93,125.29,1564700,2025-10-14
TXRH,"Texas Roadhouse Inc",169.83,-2.13,-1.24%,171.15,171.89,169.63,1563800,2025-10-14
RCL,"Royal Caribbean Cruises Ltd",313.86,7.64,+2.49%,303,317.69,301.5,1555400,2025-10-14
RYAN,"Ryan Specialty Hldgs Inc",56.4,1.96,+3.60%,54.59,56.585,54.43,1555400,2025-10-14
WVE,"Wave Life Sci Ord Sh",7.89,0.1,+1.28%,7.68,7.97,7.48,1551300,2025-10-14
CGEM,"Cullinan Therapeutics Inc",7.74,-0.09,-1.15%,7.75,7.76,7.22,1548400,2025-10-14
EPRT,"Essential Properties Realty Trust Inc",29.77,0.19,+0.64%,29.48,29.84,29.455,1546900,2025-10-14
SFL,"Ship Finance International",6.86,-0.07,-1.01%,6.89,6.9,6.73,1544400,2025-10-14
HSIC,"Henry Schein Inc",63.39,0.39,+0.62%,62.29,63.81,62.21,1541800,2025-10-14
ZS,"Zscaler Inc",301.8,-11.24,-3.59%,306.66,307.33,299.48,1537500,2025-10-14
HE,"Hawaiian Electric Industries",11.24,0.23,+2.09%,11,11.26,10.95,1532800,2025-10-14
SPG,"Simon Property Group",175.83,-0.67,-0.38%,176.24,176.54,174.65,1528600,2025-10-14
BRSL,"Brightstar Lottery Plc",16.96,0.23,+1.37%,16.6,17.06,16.58,1528400,2025-10-14
SONO,"Sonos Inc",15.97,-0.52,-3.18%,16.1,16.34,15.84,1526500,2025-10-14
CAKE,"Cheesecake Fact",56.53,-1.68,-2.89%,57.74,58,56.27,1526400,2025-10-14
HCA,"Hca Holdings Inc",418.4,7.72,+1.88%,410,420.575,407.7,1523000,2025-10-14
FR,"First Industrial Realty Trust",51.93,0.45,+0.87%,51.05,52.21,51.02,1518400,2025-10-14
GLPI,"Gaming & Leisure",44.68,0.35,+0.79%,44.39,44.71,44.21,1516900,2025-10-14
BWXT,"Bwx Technologies Inc",202.46,5.09,+2.58%,195.04,204.96,193.25,1514400,2025-10-14
EXPD,"Expeditors Intl",117.39,3.42,+3.00%,113.89,118.0775,113.17,1511200,2025-10-14
CWH,"Camping World Holdings Inc",15.22,0.51,+3.47%,14.41,15.35,14.36,1507200,2025-10-14
CRMD,"Cormedix Inc",10.54,-0.04,-0.38%,10.5,10.72,10.4,1503600,2025-10-14
MCW,"Mister Car Wash Inc",4.84,0.16,+3.42%,4.63,4.88,4.61,1502200,2025-10-14
FERG,"Ferguson Enterprises Inc",240.42,5.42,+2.31%,232.7,243.365,232.59,1495100,2025-10-14
LYV,"Live Nation Entertainment",152.83,-1.03,-0.67%,152.85,154.04,151.7,1493800,2025-10-14
PLNT,"Planet Fitness",94.73,2.06,+2.22%,92.3,95.6,91.97,1491500,2025-10-14
ORIC,"Oric Pharmaceuticals Inc",13.16,-0.75,-5.39%,13.7,13.78,13.15,1491000,2025-10-14
AMRX,"Amneal Pharmaceuticals Inc",9.72,-0.03,-0.31%,9.65,9.8,9.64,1490200,2025-10-14
AESI,"Atlas Energy Solutions Inc Cl A",10.75,-0.09,-0.83%,10.54,10.89,10.54,1488600,2025-10-14
CPT,"Camden Property Trust",102.13,0.31999999999999,+0.31%,101.69,102.4326,100.62,1478300,2025-10-14
PBI,"Pitney Bowes Inc",11.02,0.029999999999999,+0.27%,10.86,11.095,10.8,1467700,2025-10-14
ASB,"Associated Banc-Corp",26.37,1,+3.94%,25.26,26.545,25.18,1467400,2025-10-14
EMN,"Eastman Chemical Company",60.54,0.48,+0.80%,58.85,60.96,58.35,1464200,2025-10-14
WHR,"Whirlpool Corp",74.04,2.12,+2.95%,71.31,74.66,71,1463700,2025-10-14
NVCR,"Novocure Ltd Ord Sh",13.17,-0.07,-0.53%,12.96,13.36,12.84,1463000,2025-10-14
VSCO,"Victorias Secret & Co.",29.46,0.4,+1.38%,28.54,29.735,28.15,1457700,2025-10-14
APLS,"Apellis Pharmaceuticals Inc",23.15,-0.99,-4.10%,23.72,23.93,23.1,1457000,2025-10-14
EVRG,"Evergy Inc",78.09,0.6,+0.77%,77.71,78.33,77.5,1456400,2025-10-14
PNFP,"Pinnacle Finl Ptnrs",91.88,3.29,+3.71%,88.25,92.53,87.65,1456400,2025-10-14
EXPE,"Expedia Group Inc",223.12,7.48,+3.47%,213.09,224.56,212.12,1453900,2025-10-14
VLTO,"Veralto Corporation",101.99,0.55,+0.54%,101.04,102.16,100.82,1453100,2025-10-14
LC,"Lendingclub Corp",16.07,0.74,+4.83%,15.04,16.14,15.01,1446700,2025-10-14
NYT,"New York Times Company",54.94,-0.03,-0.05%,54.53,55.12,54.1,1446300,2025-10-14
EVH,"Evolent Health Inc Cl A Com",7.71,0.03,+0.39%,7.51,7.8206,7.5,1446200,2025-10-14
MTDR,"Matador Resources Company",42.93,-0.56,-1.29%,42.17,43.88,42.07,1445900,2025-10-14
SPGI,"S&P Global Inc",486.69,7.35,+1.53%,477.1,488.29,477,1445000,2025-10-14
OC,"Owens Corning Inc",128.26,2.93,+2.34%,124.54,128.61,123.2301,1444200,2025-10-14
NN,"Nextnav Inc",13.43,-0.01,-0.07%,13.47,13.62,12.86,1443800,2025-10-14
COGT,"Cogent Biosciences Inc",15.43,-0.77,-4.75%,16.08,16.22,15.35,1440100,2025-10-14
AME,"Ametek Inc",185.78,3.54,+1.94%,180.69,186.73,180.16,1439000,2025-10-14
OPCH,"Option Care Health Inc",27.1,0.43,+1.61%,26.6,27.14,26.6,1437800,2025-10-14
RHI,"Robert Half Inc",32.61,0.54,+1.68%,31.51,32.75,31.25,1436600,2025-10-14
ALNY,"Alnylam Pharmaceuticals",469.36,4.41,+0.95%,462.13,479.69,457.73,1435800,2025-10-14
SNV,"Synovus Financial Corp",47.84,1.66,+3.59%,45.85,48.18,45.7401,1435600,2025-10-14
TOL,"Toll Brothers Inc",133.28,5.61,+4.39%,126.79,133.83,126.71,1433600,2025-10-14
NOG,"Northern Oil and Gas",22.3,-0.83,-3.59%,22.17,22.9,22.17,1431800,2025-10-14
GH,"Guardant Health Inc",62.56,0.83,+1.34%,61.46,63.77,61,1430900,2025-10-14
IQV,"Iqvia Holdings Inc",204.76,0.98999999999998,+0.49%,202.1,207.04,200.0265,1427200,2025-10-14
AKAM,"Akamai Technologies",74.09,0.29,+0.39%,72.77,74.36,72.46,1424000,2025-10-14
ED,"Consolidated Edison Company",101.89,1.03,+1.02%,101.71,102.7,101.33,1423200,2025-10-14
OMI,"Owens & Minor",4.58,-0.01,-0.22%,4.48,4.65,4.46,1421700,2025-10-14
GNRC,"Generac Holdings Inc",183.82,9.7,+5.57%,171.27,184.61,170.52,1418800,2025-10-14
CGNX,"Cognex Corp",45.23,1.49,+3.41%,42.54,45.29,42.54,1418000,2025-10-14
GTES,"Gates Industrial Corp Plc",24.91,0.32,+1.30%,24.17,25.225,24.045,1416400,2025-10-14
CMC,"Commercial Metals Company",60.43,1.33,+2.25%,57.83,60.67,57.665,1415400,2025-10-14
AAP,"Advance Auto Parts Inc",54.92,0.87,+1.61%,53.69,55.135,52.88,1414800,2025-10-14
ZION,"Zions Bancorp",55.27,1.43,+2.66%,53.32,55.81,53.32,1411900,2025-10-14
CUBE,Cubesmart,40.9,0.65,+1.61%,40.24,41.18,40.18,1411800,2025-10-14
PPC,"Pilgrim's Pride",38.07,0.28,+0.74%,38.04,38.17,37.45,1407500,2025-10-14
HOMB,"Home Bancshares Inc",28.34,1.19,+4.38%,27.08,28.4,27.04,1402500,2025-10-14
CHD,"Church & Dwight Company",86.93,0.41000000000001,+0.47%,86.99,87.18,86.14,1401100,2025-10-14
LW,"Lamb Weston Holdings Inc",64.16,0.34999999999999,+0.55%,63.34,64.25,62.94,1389800,2025-10-14
MPC,"Marathon Petroleum Corp",183.12,-0.28,-0.15%,181.41,186.09,181.25,1389600,2025-10-14
EQR,"Equity Residential",62.3,0.29,+0.47%,61.96,62.35,61.72,1383000,2025-10-14
WM,"Waste Management",218.11,1.02,+0.47%,217.46,219.195,216.8,1379500,2025-10-14
FTV,"Fortive Corp",49.03,0.45,+0.93%,47.95,49.31,47.95,1375300,2025-10-14
SUI,"Sun Communities",123.17,1.73,+1.42%,121.81,123.455,121.28,1373900,2025-10-14
LEU,"Centrus Energy Corp",396.16,-4.58,-1.14%,387,415.13,370.0001,1373600,2025-10-14
DXC,"Dxc Technology Company",13.32,0.1,+0.76%,13.03,13.5,12.985,1371100,2025-10-14
PEGA,"Pegasystems Inc",55.83,0.97,+1.77%,54,56.16,53.67,1367500,2025-10-14
RCUS,"Arcus Biosciences Inc",15.62,-1.02,-6.13%,16.31,16.45,15.42,1363500,2025-10-14
PPG,"PPG Industries",100.5,1.64,+1.66%,98,101.34,97.99,1362400,2025-10-14
CHTR,"Charter Communications Inc",266.25,7.52,+2.91%,259.05,268.77,258.88,1360900,2025-10-14
HAS,"Hasbro Inc",73.14,0.73,+1.01%,71.88,73.56,71.25,1359400,2025-10-14
TPG,"Tpg Inc Cl A",57.07,1.01,+1.80%,54.56,57.9,54.56,1354600,2025-10-14
WH,"Wyndham Hotels & Resorts Inc",78.29,1.22,+1.58%,75.3,78.97,75.285,1354000,2025-10-14
IDYA,"Ideaya Biosciences Inc",27.07,0.3,+1.12%,26.44,27.81,26.44,1353700,2025-10-14
CGON,"Cg Oncology Inc",42.85,-0.11,-0.26%,42.29,43.52,41.54,1351300,2025-10-14
GNL,"Global Net Lease Inc",7.74,0.16,+2.11%,7.54,7.77,7.54,1350300,2025-10-14
TWST,"Twist Bioscience Corp",30.55,0.41,+1.36%,29.54,31.4,29,1350000,2025-10-14
ZBH,"Zimmer Biomet Holdings",98.37,3.28,+3.45%,94.61,98.74,94.61,1349500,2025-10-14
WAL,"Western Alliance Bancorp",82.11,3.26,+4.13%,78.01,82.9798,77.8101,1346200,2025-10-14
RGLD,"Royal Gold Inc",199.68,0.21,+0.11%,197.97,204.08,196.3,1344700,2025-10-14
HIG,"The Hartford Insurance Group Inc",131.18,2.44,+1.90%,129.05,131.4,128.865,1343800,2025-10-14
APD,"Air Products and Chemicals",262,1.14,+0.44%,258.1,266.1,258.01,1343400,2025-10-14
ADSK,"Autodesk Inc",306.59,-1.38,-0.45%,304.58,308.46,303.11,1338500,2025-10-14
CDW,"CDW Corp",150.33,2.82,+1.91%,145.83,151.07,145.83,1336700,2025-10-14
SSNC,"SS&C Technologies",82.88,1.83,+2.26%,80.51,83,80.42,1336600,2025-10-14
VRNS,"Varonis Systems Inc",61.15,-1.27,-2.03%,61.26,61.49,60.03,1333900,2025-10-14
WYNN,"Wynn Resorts Ltd",116.11,3.59,+3.19%,112,117.5,111.97,1332800,2025-10-14
GRPN,"Groupon Cl A",21.43,0.25,+1.18%,20.95,22.3,20.8,1332100,2025-10-14
NUE,"Nucor Corp",138.51,1.54,+1.12%,135.35,139.78,134.35,1327100,2025-10-14
FWRG,"First Watch Restaurant Group Inc",17.52,1.27,+7.82%,16,17.55,15.96,1325900,2025-10-14
G,"Genpact Ltd",39.86,0.34,+0.86%,39.3,40.04,39.11,1323300,2025-10-14
DOCS,"Doximity Inc Cl A",67.03,-0.47,-0.70%,66.7,68.03,66.18,1323000,2025-10-14
OI,"O-I Glass Inc",11.62,0.19,+1.66%,11.26,11.7,11.2,1322800,2025-10-14
ACDC,"Profrac Holding Corp. Cl A",3.71,-0.03,-0.80%,3.68,3.75,3.56,1322300,2025-10-14
CENX,"Century Aluminum C",32.01,-0.9,-2.73%,32.08,32.65,31.22,1321300,2025-10-14
ESRT,"Empire State Realty Trust Inc",7.25,0.03,+0.42%,7.18,7.305,7.165,1318600,2025-10-14
BSY,"Bentley Systems Inc Cl B",50.33,-0.52,-1.02%,50.2,50.89,49.19,1317700,2025-10-14
SEZL,"Sezzle Inc",80.01,3,+3.90%,74.77,80.49,72.5,1316200,2025-10-14
ARE,"Alexandria Real Estate Equities",75.07,1.2,+1.62%,73.62,75.36,73.38,1314700,2025-10-14
SAIL,"Sailpoint Inc",22.31,0.39,+1.78%,21.5,22.46,21.26,1307500,2025-10-14
CARS,"Cars.com Inc",10.74,0.45,+4.37%,10.26,10.9,10.1,1307500,2025-10-14
BRY,"Berry Pete Corp",3.43,-0.09,-2.56%,3.44,3.51,3.4,1306800,2025-10-14
MAR,"Marriot Int Cl A",267.97,4.71,+1.79%,260.89,269.64,260.42,1305700,2025-10-14
INCY,"Incyte Corp",85.96,1.23,+1.45%,84.38,86.16,83.46,1303200,2025-10-14
SHO,"Sunstone Hotel Investors",9.08,0.11,+1.23%,8.84,9.11,8.825,1301100,2025-10-14
ADP,"Automatic Data Processing",285.92,1.57,+0.55%,283.66,286.8,283.62,1299500,2025-10-14
TGTX,"Tg Therapeutics",34.14,-0.08,-0.23%,33.86,34.78,33.59,1297700,2025-10-14
RNG,"Ringcentral Inc",27.46,0.6,+2.23%,26.5,27.67,26.3101,1297600,2025-10-14
AVT,"Avnet Inc",51.52,0.83,+1.64%,49.9,52.02,49.69,1296800,2025-10-14
MAN,"Manpower Inc",37.97,-0.02,-0.05%,36.95,38.15,36.19,1295500,2025-10-14
IMAX,"Imax Corp",31.3,0.21,+0.68%,31.14,31.97,30.74,1293900,2025-10-14
MRVI,"Maravai Lifesciences Holdings Inc Cl A",3.23,-0.07,-2.12%,3.21,3.33,3.19,1293000,2025-10-14
SYK,"Stryker Corp",370,5.08,+1.39%,364.3,372.95,364.265,1288200,2025-10-14
KODK,"Eastman Kodak",6.93,0.29,+4.37%,6.55,6.95,6.4484,1284600,2025-10-14
EXR,"Extra Space Storage Inc",147.84,2.82,+1.94%,145.44,148.65,144.725,1284300,2025-10-14
BIIB,"Biogen Inc",145.31,0.62,+0.43%,144.09,146.88,142.2,1283500,2025-10-14
RPAY,"Repay Holdings Corp Cl A",4.63,-0.1,-2.11%,4.65,4.74,4.59,1281700,2025-10-14
APG,"Api Group Corp",34.65,0.089999999999996,+0.26%,34.16,34.96,33.96,1275700,2025-10-14
REAX,"Real Brokerage Inc",4.03,0.1,+2.54%,3.89,4.07,3.86,1275200,2025-10-14
NRIX,"Nurix Therapeutics Inc",9.18,-0.54,-5.56%,9.43,9.7,9.14,1270200,2025-10-14
EAT,"Brinker International",132.01,3.51,+2.73%,127.09,132.77,126.0001,1270100,2025-10-14
MLYS,"Mineralys Therapeutics Inc",42.8,-0.25,-0.58%,42.92,43.27,41.14,1269700,2025-10-14
CYH,"Community Health Systems",2.97,0.06,+2.06%,2.87,2.99,2.84,1268000,2025-10-14
SBAC,"SBA Communications",191.07,2.95,+1.57%,188.3,192.47,188.3,1267800,2025-10-14
IONS,"Ionis Pharmaceuticals",71.37,0.78,+1.10%,70.59,72.15,70.07,1264800,2025-10-14
CB,"Chubb Ltd",284.63,2.1,+0.74%,283.32,285.62,281.92,1263200,2025-10-14
TDC,"Teradata Corp",21.34,0.02,+0.09%,20.91,21.47,20.75,1259100,2025-10-14
DE,"Deere & Company",447.95,8.84,+2.01%,436.08,449.825,433,1258500,2025-10-14
FLS,"Flowserve Corp",51.25,1.05,+2.09%,49.34,51.525,49.34,1258000,2025-10-14
LENZ,"Lenz Therapeutics Inc",38.8,0.19,+0.49%,37.99,40.06,37.25,1256500,2025-10-14
HRTG,"Heritage Insurance Holdings",27.83,2.66,+10.57%,25.35,28,25.23,1254800,2025-10-14
WTRG,"Essential Utilities Inc",39.95,0.17,+0.43%,39.97,40.65,39.7933,1252100,2025-10-14
LSCC,"Lattice Semicond",71,-0.39,-0.55%,69.49,72.17,69,1249800,2025-10-14
"Downloaded from Barchart.com as of 10-14-2025 09:20pm CDT"
