mexc_symbol,base,contractSize,maxLeverage,last,timeframe,rating,tv_source,tv_buy,tv_sell,tv_neutral
BTC_USDC,BTC,0.0001,200,75395.5,4h,STRONG_BUY,MEXC:BTCUSDC.P,17.0,0.0,9.0
ENA_USDC,ENA,10.0,125,0.12127,4h,STRONG_BUY,MEXC:ENAUSDC.P,17.0,1.0,8.0
LINK_USDC,LINK,0.1,125,10.843,4h,STRONG_BUY,MEXC:LINKUSDC.P,17.0,1.0,8.0
BNB_USDC,BNB,0.001,125,665.07,4h,STRONG_BUY,MEXC:BNBUSDC.P,17.0,3.0,6.0
PENDLE_USDC,PENDLE,1.0,125,1.538,4h,STRONG_BUY,MEXC:PENDLEUSDC.P,17.0,1.0,8.0
ARB_USDC,ARB,1.0,125,0.0914,4h,STRONG_BUY,MEXC:ARBUSDC.P,17.0,2.0,7.0
SOL_USDC,SOL,0.1,200,89.04,4h,STRONG_BUY,MEXC:SOLUSDC.P,16.0,0.0,10.0
HYPE_USDC,HYPE,0.1,125,74.727,4h,STRONG_BUY,MEXC:HYPEUSDC.P,16.0,2.0,8.0
SUI_USDC,SUI,1.0,125,0.7474,4h,STRONG_BUY,MEXC:SUIUSDC.P,16.0,1.0,9.0
DOGE_USDC,DOGE,10.0,125,0.08261,4h,STRONG_BUY,MEXC:DOGEUSDC.P,16.0,1.0,9.0
TAO_USDC,TAO,0.01,125,217.1,4h,STRONG_BUY,MEXC:TAOUSDC.P,16.0,1.0,9.0
ZEC_USDC,ZEC,0.01,75,579.89,4h,STRONG_BUY,MEXC:ZECUSDC.P,16.0,1.0,9.0
ADA_USDC,ADA,1.0,125,0.2071,4h,STRONG_BUY,MEXC:ADAUSDC.P,16.0,1.0,9.0
XLM_USDC,XLM,10.0,125,0.18638,4h,STRONG_BUY,MEXC:XLMUSDC.P,16.0,1.0,9.0
WLD_USDC,WLD,1.0,125,0.3766,4h,STRONG_BUY,MEXC:WLDUSDC.P,16.0,0.0,10.0
HBAR_USDC,HBAR,1.0,125,0.07469,4h,STRONG_BUY,MEXC:HBARUSDC.P,16.0,0.0,10.0
NEAR_USDC,NEAR,1.0,125,1.771,4h,STRONG_BUY,MEXC:NEARUSDC.P,16.0,0.0,10.0
TRUMP_USDC,TRUMP,0.1,125,1.672,4h,STRONG_BUY,MEXC:TRUMPUSDC.P,16.0,0.0,10.0
VIRTUAL_USDC,VIRTUAL,1.0,125,0.6484,4h,STRONG_BUY,MEXC:VIRTUALUSDC.P,16.0,1.0,9.0
ICP_USDC,ICP,1.0,50,2.402,4h,STRONG_BUY,MEXC:ICPUSDC.P,16.0,1.0,9.0
SHIB_USDC,SHIB,100000.0,125,4.987e-06,4h,STRONG_BUY,MEXC:SHIBUSDC.P,16.0,2.0,8.0
BCH_USDC,BCH,0.01,125,226.93,4h,STRONG_BUY,MEXC:BCHUSDC.P,16.0,1.0,9.0
GRAM_USDC,GRAM,1.0,20,1.412,4h,STRONG_BUY,MEXC:GRAMUSDC.P,16.0,1.0,9.0
MNT_USDC,MNT,1.0,125,0.5196,4h,STRONG_BUY,MEXC:MNTUSDC.P,16.0,2.0,8.0
NEO_USDC,NEO,0.1,50,1.994,4h,STRONG_BUY,MEXC:NEOUSDC.P,16.0,0.0,10.0
ONDO_USDC,ONDO,1.0,125,0.3627,4h,STRONG_BUY,MEXC:ONDOUSDC.P,15.0,1.0,10.0
AAVE_USDC,AAVE,0.01,125,99.74,4h,STRONG_BUY,MEXC:AAVEUSDC.P,15.0,1.0,10.0
PAXG_USDC,PAXG,0.001,100,4515.77,4h,STRONG_BUY,MEXC:PAXGUSDC.P,15.0,1.0,10.0
ETH_USDC,ETH,0.01,200,2367.41,4h,BUY,MEXC:ETHUSDC.P,16.0,2.0,8.0
LTC_USDC,LTC,0.01,125,48.38,4h,BUY,MEXC:LTCUSDC.P,16.0,2.0,8.0
APT_USDC,APT,0.1,125,0.5806,4h,BUY,MEXC:APTUSDC.P,16.0,2.0,8.0
XRP_USDC,XRP,1.0,125,1.2956,4h,BUY,MEXC:XRPUSDC.P,15.0,3.0,8.0
XAU_USDC,XAU,0.001,100,4528.29,4h,BUY,MEXC:XAUUSDC.P,15.0,3.0,8.0
PEPE_USDC,PEPE,10000000.0,125,3.248e-06,4h,BUY,MEXC:PEPEUSDC.P,15.0,3.0,8.0
AVAX_USDC,AVAX,0.1,125,7.306,4h,BUY,MEXC:AVAXUSDC.P,15.0,3.0,8.0
PENGU_USDC,PENGU,10.0,125,0.007278,4h,BUY,MEXC:PENGUUSDC.P,15.0,3.0,8.0
WIF_USDC,WIF,10.0,125,0.1648,4h,BUY,MEXC:WIFUSDC.P,15.0,2.0,9.0
UNI_USDC,UNI,0.1,125,3.815,4h,BUY,MEXC:UNIUSDC.P,15.0,2.0,9.0
SEI_USDC,SEI,10.0,125,0.04391,4h,BUY,MEXC:SEIUSDC.P,15.0,3.0,8.0
FIL_USDC,FIL,1.0,50,0.7525,4h,BUY,MEXC:FILUSDC.P,15.0,2.0,9.0
PNUT_USDC,PNUT,10.0,125,0.05189,4h,BUY,MEXC:PNUTUSDC.P,15.0,6.0,5.0
ORDI_USDC,ORDI,0.1,125,4.219,4h,BUY,MEXC:ORDIUSDC.P,15.0,2.0,9.0
SPX_USDC,SPX,1.0,125,0.4013,4h,BUY,MEXC:SPXUSDC.P,15.0,3.0,8.0
CRV_USDC,CRV,1.0,125,0.2864,4h,BUY,MEXC:CRVUSDC.P,15.0,3.0,8.0
POL_USDC,POL,10.0,125,0.081,4h,BUY,MEXC:POLUSDC.P,15.0,2.0,9.0
TRX_USDC,TRX,10.0,125,0.33799,4h,BUY,MEXC:TRXUSDC.P,15.0,2.0,9.0
ETC_USDC,ETC,0.1,125,6.998,4h,BUY,MEXC:ETCUSDC.P,15.0,4.0,7.0
AEVO_USDC,AEVO,10.0,125,0.0231,4h,BUY,MEXC:AEVOUSDC.P,15.0,5.0,6.0
FARTCOIN_USDC,FARTCOIN,1.0,125,0.1691,4h,BUY,MEXC:FARTCOINUSDC.P,14.0,5.0,7.0
STRK_USDC,STRK,10.0,125,0.02587,4h,BUY,MEXC:STRKUSDC.P,14.0,3.0,9.0
SILVER_USDC,SILVER,0.01,200,68.45,4h,BUY,MEXC:SILVERUSDC.P,14.0,3.0,9.0
BOME_USDC,BOME,1000.0,125,0.0011494,4h,BUY,MEXC:BOMEUSDC.P,14.0,3.0,9.0
XAUT_USDC,XAUT,0.001,200,4504.3,4h,BUY,MEXC:XAUTUSDC.P,14.0,3.0,9.0
TIA_USDC,TIA,1.0,125,0.3425,4h,BUY,MEXC:TIAUSDC.P,14.0,7.0,5.0
DOT_USDC,DOT,1.0,125,0.848,4h,BUY,MEXC:DOTUSDC.P,14.0,7.0,5.0
OP_USDC,OP,1.0,125,0.0976,4h,BUY,MEXC:OPUSDC.P,14.0,6.0,6.0
BIO_USDC,BIO,10.0,20,0.03104,4h,BUY,MEXC:BIOUSDC.P,14.0,3.0,9.0
WLFI_USDC,WLFI,10.0,125,0.06079,4h,BUY,MEXC:WLFIUSDC.P,14.0,2.0,10.0
ETHFI_USDC,ETHFI,1.0,50,0.5382,4h,BUY,MEXC:ETHFIUSDC.P,14.0,2.0,10.0
INJ_USDC,INJ,0.1,50,4.768,4h,BUY,MEXC:INJUSDC.P,14.0,4.0,8.0
EIGEN_USDC,EIGEN,1.0,125,0.1978,4h,BUY,MEXC:EIGENUSDC.P,14.0,4.0,8.0
MOODENG_USDC,MOODENG,10.0,50,0.04344,4h,BUY,MEXC:MOODENGUSDC.P,14.0,3.0,9.0
POPCAT_USDC,POPCAT,10.0,125,0.047,4h,BUY,MEXC:POPCATUSDC.P,14.0,3.0,9.0
1000BONK_USDC,1000BONK,100.0,125,0.002658,4h,BUY,MEXC:1000BONKUSDC.P,12.0,5.0,9.0
KAITO_USDC,KAITO,1.0,50,0.3502,4h,SELL,MEXC:KAITOUSDC.P,6.0,11.0,9.0
ICNT_USDC,ICNT,10.0,50,0.1175,4h,SELL,MEXC:ICNTUSDC.P,5.0,14.0,7.0
SOXL_USDC,SOXL,0.01,50,124.04,4h,SELL,MEXC:SOXLUSDC.P,4.0,12.0,10.0
H_USDC,H,10.0,20,0.07781,4h,SELL,MEXC:HUSDC.P,2.0,15.0,9.0
SNDKSTOCK_USDC,SNDKSTOCK,0.001,20,1604.95,4h,,,,,
PUMPFUN_USDC,PUMPFUN,1000.0,125,0.003763,4h,,,,,
SPCXSTOCK_USDC,SPCXSTOCK,0.01,20,134.5,4h,,,,,
SPX500_USDC,SPX500,0.0001,50,7653.2,4h,,,,,
MUSTOCK_USDC,MUSTOCK,0.01,20,978.97,4h,,,,,
SKHYNIXSTOCK_USDC,SKHYNIXSTOCK,0.001,20,1257.9,4h,,,,,
NEIROCTO_USDC,NEIROCTO,10000.0,125,8.935e-05,4h,,,,,
RESOLV_USDC,RESOLV,10.0,50,0.01841,4h,,,,,
SAHARA_USDC,SAHARA,10.0,50,0.00797,4h,,,,,
NOT_USDC,NOT,1000.0,125,0.0004152,4h,,,,,
